"return_id";"order_id";"returned"
1;"CA-2019-100041";"No"
2;"CA-2019-100083";"No"
3;"CA-2019-100153";"No"
4;"CA-2019-100202";"No"
5;"CA-2019-100244";"No"
6;"CA-2019-100244";"Yes"
7;"CA-2019-100300";"No"
8;"CA-2019-100307";"No"
9;"CA-2019-100468";"Yes"
10;"CA-2019-100468";"No"
11;"CA-2019-100510";"No"
12;"CA-2019-100587";"No"
13;"CA-2019-100671";"No"
14;"CA-2019-100790";"No"
15;"CA-2019-100944";"No"
16;"CA-2019-100965";"Yes"
17;"CA-2019-100993";"No"
18;"CA-2019-101161";"No"
19;"CA-2019-101168";"No"
20;"CA-2019-101189";"No"
21;"CA-2019-101329";"No"
22;"CA-2019-101336";"No"
23;"CA-2019-101343";"No"
24;"CA-2019-101378";"No"
25;"CA-2019-101385";"Yes"
26;"CA-2019-101448";"No"
27;"CA-2019-101469";"No"
28;"CA-2019-101525";"No"
29;"CA-2019-101546";"No"
30;"CA-2019-101623";"No"
31;"CA-2019-101630";"No"
32;"CA-2019-101651";"No"
33;"CA-2019-101672";"No"
34;"CA-2019-101693";"No"
35;"CA-2019-101742";"No"
36;"CA-2019-101791";"Yes"
37;"CA-2019-101791";"No"
38;"CA-2019-101938";"No"
39;"CA-2019-101966";"No"
40;"CA-2019-101980";"No"
41;"CA-2019-101987";"No"
42;"CA-2019-102092";"No"
43;"CA-2019-102127";"No"
44;"CA-2019-102134";"No"
45;"CA-2019-102162";"No"
46;"CA-2019-102456";"Yes"
47;"CA-2019-102498";"No"
48;"CA-2019-102561";"No"
49;"CA-2019-102596";"No"
50;"CA-2019-102792";"No"
51;"CA-2019-102813";"No"
52;"CA-2019-102932";"No"
53;"CA-2019-102981";"No"
54;"CA-2019-103037";"No"
55;"CA-2019-103107";"No"
56;"CA-2019-103128";"No"
57;"CA-2019-103163";"No"
58;"CA-2019-103359";"No"
59;"CA-2019-103464";"No"
60;"CA-2019-103709";"No"
61;"CA-2019-103730";"No"
62;"CA-2019-103891";"No"
63;"CA-2019-103919";"No"
64;"CA-2019-103947";"No"
65;"CA-2019-103982";"No"
66;"CA-2019-104150";"No"
67;"CA-2019-104157";"No"
68;"CA-2019-104276";"No"
69;"CA-2019-104311";"No"
70;"CA-2019-104633";"No"
71;"CA-2019-104689";"No"
72;"CA-2019-104969";"No"
73;"CA-2019-104983";"No"
74;"CA-2019-105018";"No"
75;"CA-2019-105081";"No"
76;"CA-2019-105207";"No"
77;"CA-2019-105256";"No"
78;"CA-2019-105263";"No"
79;"CA-2019-105277";"No"
80;"CA-2019-105284";"Yes"
81;"CA-2019-105291";"No"
82;"CA-2019-105354";"Yes"
83;"CA-2019-105459";"No"
84;"CA-2019-105473";"No"
85;"CA-2019-105494";"No"
86;"CA-2019-105585";"No"
87;"CA-2019-105662";"No"
88;"CA-2019-105732";"No"
89;"CA-2019-105746";"Yes"
90;"CA-2019-105753";"No"
91;"CA-2019-105760";"No"
92;"CA-2019-105781";"Yes"
93;"CA-2019-105816";"No"
94;"CA-2019-105900";"No"
95;"CA-2019-105963";"No"
96;"CA-2019-106075";"No"
97;"CA-2019-106243";"No"
98;"CA-2019-106278";"No"
99;"CA-2019-106306";"No"
100;"CA-2019-106341";"No"
101;"CA-2019-106383";"No"
102;"CA-2019-106397";"No"
103;"CA-2019-106460";"No"
104;"CA-2019-106530";"No"
105;"CA-2019-106558";"No"
106;"CA-2019-106621";"Yes"
107;"CA-2019-106656";"No"
108;"CA-2019-106894";"No"
109;"CA-2019-106894";"Yes"
110;"CA-2019-106915";"No"
111;"CA-2019-106950";"Yes"
112;"CA-2019-106950";"No"
113;"CA-2019-107104";"No"
114;"CA-2019-107146";"No"
115;"CA-2019-107146";"Yes"
116;"CA-2019-107202";"No"
117;"CA-2019-107216";"No"
118;"CA-2019-107328";"No"
119;"CA-2019-107475";"No"
120;"CA-2019-107615";"No"
121;"CA-2019-107783";"No"
122;"CA-2019-107790";"No"
123;"CA-2019-108056";"No"
124;"CA-2019-108105";"No"
125;"CA-2019-108105";"Yes"
126;"CA-2019-108196";"No"
127;"CA-2019-108210";"No"
128;"CA-2019-108224";"Yes"
129;"CA-2019-108350";"No"
130;"CA-2019-108364";"No"
131;"CA-2019-108434";"No"
132;"CA-2019-108567";"No"
133;"CA-2019-108581";"No"
134;"CA-2019-108616";"No"
135;"CA-2019-108630";"No"
136;"CA-2019-108644";"No"
137;"CA-2019-108735";"No"
138;"CA-2019-108868";"No"
139;"CA-2019-108875";"No"
140;"CA-2019-108882";"No"
141;"CA-2019-108959";"No"
142;"CA-2019-108987";"Yes"
143;"CA-2019-108987";"No"
144;"CA-2019-109057";"No"
145;"CA-2019-109176";"No"
146;"CA-2019-109344";"No"
147;"CA-2019-109365";"No"
148;"CA-2019-109365";"Yes"
149;"CA-2019-109400";"No"
150;"CA-2019-109407";"Yes"
151;"CA-2019-109652";"No"
152;"CA-2019-109666";"No"
153;"CA-2019-109666";"Yes"
154;"CA-2019-109722";"Yes"
155;"CA-2019-109743";"No"
156;"CA-2019-109806";"No"
157;"CA-2019-109820";"No"
158;"CA-2019-109827";"No"
159;"CA-2019-109869";"No"
160;"CA-2019-109911";"No"
161;"CA-2019-109925";"No"
162;"CA-2019-109953";"No"
163;"CA-2019-109953";"Yes"
164;"CA-2019-110009";"No"
165;"CA-2019-110023";"No"
166;"CA-2019-110044";"No"
167;"CA-2019-110086";"No"
168;"CA-2019-110254";"No"
169;"CA-2019-110366";"No"
170;"CA-2019-110492";"No"
171;"CA-2019-110499";"No"
172;"CA-2019-110730";"Yes"
173;"CA-2019-110772";"No"
174;"CA-2019-110898";"No"
175;"CA-2019-110975";"No"
176;"CA-2019-110975";"Yes"
177;"CA-2019-110982";"No"
178;"CA-2019-111010";"No"
179;"CA-2019-111115";"No"
180;"CA-2019-111143";"No"
181;"CA-2019-111213";"No"
182;"CA-2019-111283";"No"
183;"CA-2019-111318";"No"
184;"CA-2019-111409";"Yes"
185;"CA-2019-111416";"No"
186;"CA-2019-111493";"No"
187;"CA-2019-111605";"No"
188;"CA-2019-111682";"No"
189;"CA-2019-111696";"No"
190;"CA-2019-111794";"No"
191;"CA-2019-111913";"Yes"
192;"CA-2019-111913";"No"
193;"CA-2019-111941";"No"
194;"CA-2019-111976";"No"
195;"CA-2019-111976";"Yes"
196;"CA-2019-112025";"No"
197;"CA-2019-112060";"No"
198;"CA-2019-112102";"Yes"
199;"CA-2019-112102";"No"
200;"CA-2019-112109";"No"
201;"CA-2019-112123";"No"
202;"CA-2019-112256";"No"
203;"CA-2019-112277";"No"
204;"CA-2019-112340";"Yes"
205;"CA-2019-112382";"No"
206;"CA-2019-112389";"No"
207;"CA-2019-112578";"No"
208;"CA-2019-112585";"No"
209;"CA-2019-112669";"No"
210;"CA-2019-112676";"Yes"
211;"CA-2019-112697";"No"
212;"CA-2019-112739";"No"
213;"CA-2019-112830";"No"
214;"CA-2019-112893";"No"
215;"CA-2019-112942";"No"
216;"CA-2019-113061";"Yes"
217;"CA-2019-113082";"No"
218;"CA-2019-113096";"No"
219;"CA-2019-113117";"No"
220;"CA-2019-113138";"No"
221;"CA-2019-113236";"No"
222;"CA-2019-113243";"No"
223;"CA-2019-113243";"Yes"
224;"CA-2019-113292";"No"
225;"CA-2019-113341";"No"
226;"CA-2019-113390";"No"
227;"CA-2019-113425";"No"
228;"CA-2019-113516";"Yes"
229;"CA-2019-113516";"No"
230;"CA-2019-113551";"No"
231;"CA-2019-113600";"No"
232;"CA-2019-113607";"No"
233;"CA-2019-113621";"No"
234;"CA-2019-113656";"No"
235;"CA-2019-113726";"No"
236;"CA-2019-113733";"No"
237;"CA-2019-113747";"No"
238;"CA-2019-113803";"No"
239;"CA-2019-113817";"No"
240;"CA-2019-113831";"No"
241;"CA-2019-113845";"No"
242;"CA-2019-113978";"No"
243;"CA-2019-114104";"No"
244;"CA-2019-114209";"No"
245;"CA-2019-114307";"No"
246;"CA-2019-114405";"No"
247;"CA-2019-114405";"Yes"
248;"CA-2019-114482";"No"
249;"CA-2019-114489";"No"
250;"CA-2019-114489";"Yes"
251;"CA-2019-114538";"No"
252;"CA-2019-114601";"No"
253;"CA-2019-114713";"No"
254;"CA-2019-114727";"No"
255;"CA-2019-114727";"Yes"
256;"CA-2019-114748";"No"
257;"CA-2019-114860";"No"
258;"CA-2019-114867";"No"
259;"CA-2019-114895";"No"
260;"CA-2019-114944";"No"
261;"CA-2019-114951";"No"
262;"CA-2019-114972";"No"
263;"CA-2019-115224";"Yes"
264;"CA-2019-115224";"No"
265;"CA-2019-115378";"No"
266;"CA-2019-115476";"No"
267;"CA-2019-115483";"No"
268;"CA-2019-115504";"No"
269;"CA-2019-115525";"No"
270;"CA-2019-115574";"No"
271;"CA-2019-115588";"No"
272;"CA-2019-115756";"No"
273;"CA-2019-115917";"No"
274;"CA-2019-115917";"Yes"
275;"CA-2019-116232";"Yes"
276;"CA-2019-116232";"No"
277;"CA-2019-116337";"No"
278;"CA-2019-116344";"No"
279;"CA-2019-116379";"No"
280;"CA-2019-116526";"Yes"
281;"CA-2019-116526";"No"
282;"CA-2019-116540";"No"
283;"CA-2019-116540";"Yes"
284;"CA-2019-116547";"No"
285;"CA-2019-116561";"No"
286;"CA-2019-116596";"No"
287;"CA-2019-116596";"Yes"
288;"CA-2019-116603";"No"
289;"CA-2019-116722";"No"
290;"CA-2019-116736";"No"
291;"CA-2019-116764";"No"
292;"CA-2019-116799";"No"
293;"CA-2019-116911";"No"
294;"CA-2019-116918";"No"
295;"CA-2019-116974";"No"
296;"CA-2019-117121";"No"
297;"CA-2019-117226";"No"
298;"CA-2019-117282";"No"
299;"CA-2019-117408";"No"
300;"CA-2019-117583";"Yes"
301;"CA-2019-117583";"No"
302;"CA-2019-117590";"No"
303;"CA-2019-117604";"No"
304;"CA-2019-117625";"No"
305;"CA-2019-117660";"No"
306;"CA-2019-117681";"No"
307;"CA-2019-117849";"No"
308;"CA-2019-117912";"No"
309;"CA-2019-117919";"No"
310;"CA-2019-118052";"Yes"
311;"CA-2019-118052";"No"
312;"CA-2019-118073";"No"
313;"CA-2019-118101";"No"
314;"CA-2019-118129";"No"
315;"CA-2019-118178";"No"
316;"CA-2019-118255";"No"
317;"CA-2019-118311";"No"
318;"CA-2019-118332";"No"
319;"CA-2019-118500";"No"
320;"CA-2019-118514";"No"
321;"CA-2019-118570";"No"
322;"CA-2019-118626";"No"
323;"CA-2019-118689";"No"
324;"CA-2019-118745";"No"
325;"CA-2019-118759";"No"
326;"CA-2019-118899";"Yes"
327;"CA-2019-118913";"No"
328;"CA-2019-118934";"No"
329;"CA-2019-118969";"No"
330;"CA-2019-119018";"No"
331;"CA-2019-119025";"No"
332;"CA-2019-119074";"No"
333;"CA-2019-119123";"No"
334;"CA-2019-119165";"Yes"
335;"CA-2019-119186";"No"
336;"CA-2019-119445";"No"
337;"CA-2019-119515";"No"
338;"CA-2019-119641";"No"
339;"CA-2019-119683";"No"
340;"CA-2019-119823";"No"
341;"CA-2019-119865";"No"
342;"CA-2019-119865";"Yes"
343;"CA-2019-119935";"No"
344;"CA-2019-119963";"No"
345;"CA-2019-120005";"No"
346;"CA-2019-120082";"No"
347;"CA-2019-120200";"No"
348;"CA-2019-120250";"No"
349;"CA-2019-120257";"No"
350;"CA-2019-120355";"Yes"
351;"CA-2019-120355";"No"
352;"CA-2019-120369";"No"
353;"CA-2019-120530";"No"
354;"CA-2019-120558";"No"
355;"CA-2019-120796";"No"
356;"CA-2019-120803";"No"
357;"CA-2019-120824";"No"
358;"CA-2019-120824";"Yes"
359;"CA-2019-120859";"No"
360;"CA-2019-120873";"No"
361;"CA-2019-121020";"No"
362;"CA-2019-121034";"No"
363;"CA-2019-121223";"No"
364;"CA-2019-121356";"Yes"
365;"CA-2019-121370";"Yes"
366;"CA-2019-121370";"No"
367;"CA-2019-121377";"No"
368;"CA-2019-121447";"No"
369;"CA-2019-121601";"No"
370;"CA-2019-121671";"No"
371;"CA-2019-121748";"No"
372;"CA-2019-121755";"No"
373;"CA-2019-121958";"No"
374;"CA-2019-121993";"No"
375;"CA-2019-122019";"No"
376;"CA-2019-122063";"No"
377;"CA-2019-122133";"No"
378;"CA-2019-122322";"No"
379;"CA-2019-122392";"No"
380;"CA-2019-122448";"No"
381;"CA-2019-122511";"No"
382;"CA-2019-122518";"No"
383;"CA-2019-122581";"No"
384;"CA-2019-122728";"No"
385;"CA-2019-122903";"No"
386;"CA-2019-122903";"Yes"
387;"CA-2019-123015";"No"
388;"CA-2019-123050";"No"
389;"CA-2019-123120";"No"
390;"CA-2019-123176";"No"
391;"CA-2019-123274";"No"
392;"CA-2019-123337";"No"
393;"CA-2019-123358";"No"
394;"CA-2019-123358";"Yes"
395;"CA-2019-123414";"Yes"
396;"CA-2019-123414";"No"
397;"CA-2019-123512";"No"
398;"CA-2019-123526";"No"
399;"CA-2019-123533";"No"
400;"CA-2019-123540";"No"
401;"CA-2019-123617";"No"
402;"CA-2019-123666";"No"
403;"CA-2019-123722";"No"
404;"CA-2019-123806";"Yes"
405;"CA-2019-123932";"No"
406;"CA-2019-123946";"No"
407;"CA-2019-124016";"Yes"
408;"CA-2019-124016";"No"
409;"CA-2019-124051";"No"
410;"CA-2019-124100";"No"
411;"CA-2019-124149";"No"
412;"CA-2019-124233";"No"
413;"CA-2019-124254";"No"
414;"CA-2019-124352";"No"
415;"CA-2019-124485";"No"
416;"CA-2019-124485";"Yes"
417;"CA-2019-124506";"No"
418;"CA-2019-124527";"No"
419;"CA-2019-124562";"No"
420;"CA-2019-124583";"No"
421;"CA-2019-124590";"No"
422;"CA-2019-124667";"No"
423;"CA-2019-124681";"No"
424;"CA-2019-124772";"No"
425;"CA-2019-124793";"No"
426;"CA-2019-124814";"No"
427;"CA-2019-125017";"No"
428;"CA-2019-125080";"No"
429;"CA-2019-125087";"No"
430;"CA-2019-125094";"No"
431;"CA-2019-125164";"No"
432;"CA-2019-125206";"No"
433;"CA-2019-125220";"No"
434;"CA-2019-125318";"No"
435;"CA-2019-125661";"Yes"
436;"CA-2019-125661";"No"
437;"CA-2019-125724";"Yes"
438;"CA-2019-125738";"No"
439;"CA-2019-125794";"No"
440;"CA-2019-125815";"No"
441;"CA-2019-125843";"No"
442;"CA-2019-125850";"No"
443;"CA-2019-125920";"No"
444;"CA-2019-126004";"Yes"
445;"CA-2019-126004";"No"
446;"CA-2019-126102";"No"
447;"CA-2019-126158";"No"
448;"CA-2019-126165";"No"
449;"CA-2019-126270";"No"
450;"CA-2019-126284";"No"
451;"CA-2019-126529";"No"
452;"CA-2019-126543";"No"
453;"CA-2019-126613";"No"
454;"CA-2019-126627";"No"
455;"CA-2019-126732";"Yes"
456;"CA-2019-126732";"No"
457;"CA-2019-126795";"No"
458;"CA-2019-126809";"No"
459;"CA-2019-126858";"No"
460;"CA-2019-126935";"No"
461;"CA-2019-127138";"No"
462;"CA-2019-127194";"No"
463;"CA-2019-127208";"No"
464;"CA-2019-127236";"No"
465;"CA-2019-127243";"No"
466;"CA-2019-127250";"No"
467;"CA-2019-127369";"No"
468;"CA-2019-127642";"No"
469;"CA-2019-127649";"No"
470;"CA-2019-127670";"No"
471;"CA-2019-127698";"No"
472;"CA-2019-127761";"No"
473;"CA-2019-127775";"No"
474;"CA-2019-127985";"No"
475;"CA-2019-128111";"No"
476;"CA-2019-128223";"No"
477;"CA-2019-128258";"No"
478;"CA-2019-128307";"No"
479;"CA-2019-128412";"No"
480;"CA-2019-128517";"No"
481;"CA-2019-128531";"No"
482;"CA-2019-128594";"No"
483;"CA-2019-128671";"No"
484;"CA-2019-128706";"Yes"
485;"CA-2019-128727";"No"
486;"CA-2019-128811";"Yes"
487;"CA-2019-128811";"No"
488;"CA-2019-128818";"No"
489;"CA-2019-128867";"No"
490;"CA-2019-128916";"No"
491;"CA-2019-128923";"No"
492;"CA-2019-128972";"No"
493;"CA-2019-129126";"No"
494;"CA-2019-129196";"No"
495;"CA-2019-129238";"No"
496;"CA-2019-129280";"No"
497;"CA-2019-129308";"No"
498;"CA-2019-129630";"No"
499;"CA-2019-129686";"No"
500;"CA-2019-129693";"No"
501;"CA-2019-129714";"No"
502;"CA-2019-129728";"No"
503;"CA-2019-129847";"No"
504;"CA-2019-129861";"No"
505;"CA-2019-129868";"No"
506;"CA-2019-129903";"Yes"
507;"CA-2019-130001";"No"
508;"CA-2019-130029";"No"
509;"CA-2019-130050";"No"
510;"CA-2019-130078";"No"
511;"CA-2019-130162";"No"
512;"CA-2019-130225";"No"
513;"CA-2019-130267";"No"
514;"CA-2019-130288";"No"
515;"CA-2019-130393";"No"
516;"CA-2019-130400";"Yes"
517;"CA-2019-130400";"No"
518;"CA-2019-130407";"No"
519;"CA-2019-130442";"No"
520;"CA-2019-130477";"No"
521;"CA-2019-130484";"No"
522;"CA-2019-130638";"No"
523;"CA-2019-130680";"No"
524;"CA-2019-130778";"No"
525;"CA-2019-130799";"No"
526;"CA-2019-130820";"No"
527;"CA-2019-130911";"No"
528;"CA-2019-130946";"No"
529;"CA-2019-130946";"Yes"
530;"CA-2019-131065";"No"
531;"CA-2019-131093";"No"
532;"CA-2019-131205";"No"
533;"CA-2019-131289";"No"
534;"CA-2019-131296";"No"
535;"CA-2019-131380";"No"
536;"CA-2019-131499";"No"
537;"CA-2019-131576";"No"
538;"CA-2019-131639";"No"
539;"CA-2019-131737";"No"
540;"CA-2019-131744";"No"
541;"CA-2019-131744";"Yes"
542;"CA-2019-131835";"No"
543;"CA-2019-131968";"No"
544;"CA-2019-132019";"No"
545;"CA-2019-132066";"No"
546;"CA-2019-132094";"No"
547;"CA-2019-132143";"No"
548;"CA-2019-132304";"No"
549;"CA-2019-132409";"No"
550;"CA-2019-132479";"No"
551;"CA-2019-132549";"No"
552;"CA-2019-132661";"No"
553;"CA-2019-132731";"No"
554;"CA-2019-132829";"No"
555;"CA-2019-132899";"No"
556;"CA-2019-132990";"No"
557;"CA-2019-132997";"No"
558;"CA-2019-132997";"Yes"
559;"CA-2019-133123";"No"
560;"CA-2019-133144";"No"
561;"CA-2019-133319";"No"
562;"CA-2019-133340";"No"
563;"CA-2019-133368";"No"
564;"CA-2019-133550";"No"
565;"CA-2019-133613";"No"
566;"CA-2019-133669";"No"
567;"CA-2019-133697";"No"
568;"CA-2019-133711";"No"
569;"CA-2019-133725";"No"
570;"CA-2019-133795";"No"
571;"CA-2019-133802";"No"
572;"CA-2019-133816";"No"
573;"CA-2019-133872";"No"
574;"CA-2019-133872";"Yes"
575;"CA-2019-133935";"No"
576;"CA-2019-134110";"No"
577;"CA-2019-134138";"No"
578;"CA-2019-134180";"No"
579;"CA-2019-134208";"No"
580;"CA-2019-134222";"No"
581;"CA-2019-134334";"No"
582;"CA-2019-134348";"No"
583;"CA-2019-134362";"No"
584;"CA-2019-134376";"No"
585;"CA-2019-134425";"No"
586;"CA-2019-134474";"No"
587;"CA-2019-134516";"No"
588;"CA-2019-134544";"No"
589;"CA-2019-134691";"No"
590;"CA-2019-134775";"Yes"
591;"CA-2019-134775";"No"
592;"CA-2019-134789";"No"
593;"CA-2019-134803";"No"
594;"CA-2019-134887";"Yes"
595;"CA-2019-134936";"No"
596;"CA-2019-135265";"No"
597;"CA-2019-135461";"No"
598;"CA-2019-135594";"No"
599;"CA-2019-135636";"No"
600;"CA-2019-135776";"No"
601;"CA-2019-135965";"No"
602;"CA-2019-136021";"No"
603;"CA-2019-136049";"Yes"
604;"CA-2019-136126";"No"
605;"CA-2019-136133";"No"
606;"CA-2019-136231";"No"
607;"CA-2019-136231";"Yes"
608;"CA-2019-136287";"No"
609;"CA-2019-136301";"No"
610;"CA-2019-136322";"No"
611;"CA-2019-136329";"No"
612;"CA-2019-136329";"Yes"
613;"CA-2019-136371";"No"
614;"CA-2019-136406";"Yes"
615;"CA-2019-136434";"No"
616;"CA-2019-136483";"Yes"
617;"CA-2019-136595";"No"
618;"CA-2019-136686";"No"
619;"CA-2019-136770";"No"
620;"CA-2019-136770";"Yes"
621;"CA-2019-136812";"No"
622;"CA-2019-136924";"No"
623;"CA-2019-136994";"No"
624;"CA-2019-137043";"No"
625;"CA-2019-137050";"No"
626;"CA-2019-137050";"Yes"
627;"CA-2019-137127";"No"
628;"CA-2019-137176";"No"
629;"CA-2019-137204";"No"
630;"CA-2019-137239";"No"
631;"CA-2019-137330";"No"
632;"CA-2019-137337";"No"
633;"CA-2019-137393";"No"
634;"CA-2019-137652";"No"
635;"CA-2019-137673";"No"
636;"CA-2019-137729";"No"
637;"CA-2019-137736";"No"
638;"CA-2019-137743";"No"
639;"CA-2019-137848";"No"
640;"CA-2019-137939";"No"
641;"CA-2019-138037";"No"
642;"CA-2019-138079";"No"
643;"CA-2019-138233";"No"
644;"CA-2019-138282";"No"
645;"CA-2019-138478";"No"
646;"CA-2019-138520";"No"
647;"CA-2019-138583";"No"
648;"CA-2019-138597";"No"
649;"CA-2019-138667";"No"
650;"CA-2019-138688";"No"
651;"CA-2019-138695";"Yes"
652;"CA-2019-138933";"No"
653;"CA-2019-138968";"No"
654;"CA-2019-139010";"No"
655;"CA-2019-139157";"No"
656;"CA-2019-139234";"No"
657;"CA-2019-139269";"No"
658;"CA-2019-139381";"No"
659;"CA-2019-139395";"No"
660;"CA-2019-139395";"Yes"
661;"CA-2019-139409";"No"
662;"CA-2019-139549";"No"
663;"CA-2019-139556";"No"
664;"CA-2019-139689";"No"
665;"CA-2019-139808";"Yes"
666;"CA-2019-139878";"No"
667;"CA-2019-139885";"No"
668;"CA-2019-139934";"No"
669;"CA-2019-139941";"No"
670;"CA-2019-139997";"No"
671;"CA-2019-140018";"No"
672;"CA-2019-140046";"No"
673;"CA-2019-140081";"No"
674;"CA-2019-140081";"Yes"
675;"CA-2019-140130";"No"
676;"CA-2019-140130";"Yes"
677;"CA-2019-140207";"No"
678;"CA-2019-140249";"No"
679;"CA-2019-140256";"No"
680;"CA-2019-140382";"No"
681;"CA-2019-140417";"No"
682;"CA-2019-140438";"No"
683;"CA-2019-140501";"Yes"
684;"CA-2019-140501";"No"
685;"CA-2019-140543";"No"
686;"CA-2019-140564";"No"
687;"CA-2019-140571";"No"
688;"CA-2019-140613";"No"
689;"CA-2019-140634";"No"
690;"CA-2019-140641";"Yes"
691;"CA-2019-140746";"No"
692;"CA-2019-140774";"No"
693;"CA-2019-140928";"No"
694;"CA-2019-140935";"No"
695;"CA-2019-140977";"No"
696;"CA-2019-141019";"No"
697;"CA-2019-141082";"No"
698;"CA-2019-141180";"No"
699;"CA-2019-141397";"No"
700;"CA-2019-141523";"No"
701;"CA-2019-141551";"No"
702;"CA-2019-141586";"No"
703;"CA-2019-141887";"No"
704;"CA-2019-141957";"No"
705;"CA-2019-142097";"No"
706;"CA-2019-142335";"No"
707;"CA-2019-142370";"Yes"
708;"CA-2019-142370";"No"
709;"CA-2019-142398";"No"
710;"CA-2019-142405";"No"
711;"CA-2019-142524";"No"
712;"CA-2019-142545";"No"
713;"CA-2019-142545";"Yes"
714;"CA-2019-142594";"No"
715;"CA-2019-142594";"Yes"
716;"CA-2019-142615";"No"
717;"CA-2019-142762";"Yes"
718;"CA-2019-142895";"No"
719;"CA-2019-142902";"No"
720;"CA-2019-142902";"Yes"
721;"CA-2019-142958";"No"
722;"CA-2019-143154";"No"
723;"CA-2019-143308";"No"
724;"CA-2019-143406";"No"
725;"CA-2019-143441";"No"
726;"CA-2019-143476";"No"
727;"CA-2019-143609";"No"
728;"CA-2019-143714";"No"
729;"CA-2019-143749";"No"
730;"CA-2019-143805";"No"
731;"CA-2019-143910";"No"
732;"CA-2019-143924";"No"
733;"CA-2019-144015";"No"
734;"CA-2019-144092";"No"
735;"CA-2019-144148";"No"
736;"CA-2019-144218";"No"
737;"CA-2019-144309";"No"
738;"CA-2019-144337";"Yes"
739;"CA-2019-144344";"No"
740;"CA-2019-144400";"No"
741;"CA-2019-144540";"No"
742;"CA-2019-144554";"No"
743;"CA-2019-144645";"No"
744;"CA-2019-144729";"No"
745;"CA-2019-144764";"No"
746;"CA-2019-144785";"No"
747;"CA-2019-144792";"No"
748;"CA-2019-144855";"Yes"
749;"CA-2019-144911";"No"
750;"CA-2019-144939";"No"
751;"CA-2019-145009";"No"
752;"CA-2019-145135";"No"
753;"CA-2019-145135";"Yes"
754;"CA-2019-145177";"No"
755;"CA-2019-145177";"Yes"
756;"CA-2019-145240";"No"
757;"CA-2019-145247";"No"
758;"CA-2019-145261";"Yes"
759;"CA-2019-145261";"No"
760;"CA-2019-145303";"No"
761;"CA-2019-145492";"No"
762;"CA-2019-145499";"No"
763;"CA-2019-145548";"No"
764;"CA-2019-145548";"Yes"
765;"CA-2019-145583";"No"
766;"CA-2019-145611";"Yes"
767;"CA-2019-145625";"No"
768;"CA-2019-145709";"No"
769;"CA-2019-145730";"No"
770;"CA-2019-145842";"No"
771;"CA-2019-145898";"No"
772;"CA-2019-145905";"Yes"
773;"CA-2019-145905";"No"
774;"CA-2019-145919";"No"
775;"CA-2019-145919";"Yes"
776;"CA-2019-145982";"No"
777;"CA-2019-146010";"No"
778;"CA-2019-146143";"No"
779;"CA-2019-146150";"No"
780;"CA-2019-146157";"No"
781;"CA-2019-146171";"No"
782;"CA-2019-146206";"No"
783;"CA-2019-146318";"No"
784;"CA-2019-146325";"No"
785;"CA-2019-146374";"No"
786;"CA-2019-146374";"Yes"
787;"CA-2019-146423";"No"
788;"CA-2019-146437";"Yes"
789;"CA-2019-146521";"No"
790;"CA-2019-146633";"No"
791;"CA-2019-146682";"No"
792;"CA-2019-146766";"No"
793;"CA-2019-146836";"No"
794;"CA-2019-146913";"No"
795;"CA-2019-146934";"No"
796;"CA-2019-146941";"No"
797;"CA-2019-147067";"No"
798;"CA-2019-147109";"No"
799;"CA-2019-147123";"No"
800;"CA-2019-147137";"No"
801;"CA-2019-147256";"No"
802;"CA-2019-147368";"No"
803;"CA-2019-147375";"No"
804;"CA-2019-147417";"No"
805;"CA-2019-147431";"No"
806;"CA-2019-147473";"No"
807;"CA-2019-147536";"No"
808;"CA-2019-147578";"No"
809;"CA-2019-147585";"Yes"
810;"CA-2019-147683";"No"
811;"CA-2019-147970";"No"
812;"CA-2019-148096";"No"
813;"CA-2019-148201";"No"
814;"CA-2019-148208";"No"
815;"CA-2019-148516";"No"
816;"CA-2019-148593";"No"
817;"CA-2019-148684";"No"
818;"CA-2019-148698";"No"
819;"CA-2019-148740";"No"
820;"CA-2019-148747";"No"
821;"CA-2019-148796";"No"
822;"CA-2019-148852";"No"
823;"CA-2019-148908";"No"
824;"CA-2019-149111";"No"
825;"CA-2019-149195";"No"
826;"CA-2019-149223";"Yes"
827;"CA-2019-149237";"No"
828;"CA-2019-149272";"No"
829;"CA-2019-149279";"Yes"
830;"CA-2019-149279";"No"
831;"CA-2019-149314";"Yes"
832;"CA-2019-149335";"No"
833;"CA-2019-149349";"No"
834;"CA-2019-149370";"No"
835;"CA-2019-149454";"No"
836;"CA-2019-149461";"No"
837;"CA-2019-149482";"No"
838;"CA-2019-149503";"No"
839;"CA-2019-149671";"No"
840;"CA-2019-149685";"No"
841;"CA-2019-149762";"No"
842;"CA-2019-149783";"No"
843;"CA-2019-149797";"No"
844;"CA-2019-149902";"No"
845;"CA-2019-149916";"No"
846;"CA-2019-149965";"No"
847;"CA-2019-149979";"No"
848;"CA-2019-150000";"No"
849;"CA-2019-150007";"No"
850;"CA-2019-150077";"No"
851;"CA-2019-150343";"No"
852;"CA-2019-150350";"No"
853;"CA-2019-150483";"No"
854;"CA-2019-150658";"No"
855;"CA-2019-150889";"No"
856;"CA-2019-150945";"No"
857;"CA-2019-151092";"No"
858;"CA-2019-151141";"No"
859;"CA-2019-151148";"No"
860;"CA-2019-151155";"No"
861;"CA-2019-151169";"No"
862;"CA-2019-151323";"No"
863;"CA-2019-151372";"No"
864;"CA-2019-151498";"No"
865;"CA-2019-151512";"No"
866;"CA-2019-151561";"Yes"
867;"CA-2019-151561";"No"
868;"CA-2019-151974";"No"
869;"CA-2019-152072";"No"
870;"CA-2019-152072";"Yes"
871;"CA-2019-152121";"No"
872;"CA-2019-152156";"No"
873;"CA-2019-152163";"No"
874;"CA-2019-152170";"No"
875;"CA-2019-152170";"Yes"
876;"CA-2019-152247";"No"
877;"CA-2019-152289";"No"
878;"CA-2019-152331";"No"
879;"CA-2019-152408";"No"
880;"CA-2019-152457";"No"
881;"CA-2019-152471";"No"
882;"CA-2019-152520";"No"
883;"CA-2019-152534";"No"
884;"CA-2019-152555";"No"
885;"CA-2019-152555";"Yes"
886;"CA-2019-152632";"No"
887;"CA-2019-152646";"No"
888;"CA-2019-152688";"No"
889;"CA-2019-152688";"Yes"
890;"CA-2019-152730";"No"
891;"CA-2019-152730";"Yes"
892;"CA-2019-152765";"No"
893;"CA-2019-152800";"Yes"
894;"CA-2019-152814";"No"
895;"CA-2019-152940";"No"
896;"CA-2019-153101";"No"
897;"CA-2019-153157";"No"
898;"CA-2019-153178";"No"
899;"CA-2019-153185";"No"
900;"CA-2019-153269";"No"
901;"CA-2019-153318";"No"
902;"CA-2019-153346";"Yes"
903;"CA-2019-153346";"No"
904;"CA-2019-153353";"Yes"
905;"CA-2019-153577";"No"
906;"CA-2019-153598";"No"
907;"CA-2019-153661";"No"
908;"CA-2019-153682";"No"
909;"CA-2019-153836";"No"
910;"CA-2019-154018";"No"
911;"CA-2019-154018";"Yes"
912;"CA-2019-154053";"No"
913;"CA-2019-154060";"No"
914;"CA-2019-154067";"No"
915;"CA-2019-154081";"No"
916;"CA-2019-154235";"No"
917;"CA-2019-154403";"No"
918;"CA-2019-154508";"No"
919;"CA-2019-154536";"No"
920;"CA-2019-154662";"No"
921;"CA-2019-154690";"No"
922;"CA-2019-154711";"No"
923;"CA-2019-154739";"No"
924;"CA-2019-154767";"Yes"
925;"CA-2019-154767";"No"
926;"CA-2019-154788";"No"
927;"CA-2019-154998";"No"
928;"CA-2019-155005";"Yes"
929;"CA-2019-155033";"No"
930;"CA-2019-155138";"No"
931;"CA-2019-155166";"No"
932;"CA-2019-155187";"No"
933;"CA-2019-155187";"Yes"
934;"CA-2019-155383";"No"
935;"CA-2019-155439";"No"
936;"CA-2019-155446";"No"
937;"CA-2019-155474";"No"
938;"CA-2019-155481";"No"
939;"CA-2019-155488";"No"
940;"CA-2019-155516";"No"
941;"CA-2019-155530";"No"
942;"CA-2019-155551";"No"
943;"CA-2019-155551";"Yes"
944;"CA-2019-155565";"No"
945;"CA-2019-155670";"No"
946;"CA-2019-155747";"No"
947;"CA-2019-155845";"No"
948;"CA-2019-155978";"No"
949;"CA-2019-155992";"No"
950;"CA-2019-156139";"No"
951;"CA-2019-156251";"No"
952;"CA-2019-156265";"Yes"
953;"CA-2019-156265";"No"
954;"CA-2019-156300";"No"
955;"CA-2019-156503";"No"
956;"CA-2019-156573";"No"
957;"CA-2019-156685";"No"
958;"CA-2019-156748";"No"
959;"CA-2019-156811";"No"
960;"CA-2019-157000";"No"
961;"CA-2019-157161";"No"
962;"CA-2019-157217";"No"
963;"CA-2019-157245";"No"
964;"CA-2019-157259";"Yes"
965;"CA-2019-157266";"No"
966;"CA-2019-157280";"No"
967;"CA-2019-157336";"No"
968;"CA-2019-157364";"No"
969;"CA-2019-157511";"Yes"
970;"CA-2019-157511";"No"
971;"CA-2019-157588";"No"
972;"CA-2019-157686";"No"
973;"CA-2019-157707";"No"
974;"CA-2019-157714";"No"
975;"CA-2019-157742";"No"
976;"CA-2019-157749";"No"
977;"CA-2019-157749";"Yes"
978;"CA-2019-157763";"Yes"
979;"CA-2019-157791";"No"
980;"CA-2019-157868";"No"
981;"CA-2019-158001";"Yes"
982;"CA-2019-158001";"No"
983;"CA-2019-158043";"No"
984;"CA-2019-158099";"No"
985;"CA-2019-158155";"No"
986;"CA-2019-158211";"No"
987;"CA-2019-158260";"No"
988;"CA-2019-158302";"No"
989;"CA-2019-158358";"No"
990;"CA-2019-158435";"No"
991;"CA-2019-158547";"No"
992;"CA-2019-158568";"No"
993;"CA-2019-158568";"Yes"
994;"CA-2019-158575";"No"
995;"CA-2019-158610";"Yes"
996;"CA-2019-158617";"No"
997;"CA-2019-158694";"No"
998;"CA-2019-158694";"Yes"
999;"CA-2019-158778";"No"
1000;"CA-2019-158806";"No"
1001;"CA-2019-158834";"No"
1002;"CA-2019-158841";"No"
1003;"CA-2019-158841";"Yes"
1004;"CA-2019-158869";"No"
1005;"CA-2019-158925";"No"
1006;"CA-2019-159009";"Yes"
1007;"CA-2019-159009";"No"
1008;"CA-2019-159016";"No"
1009;"CA-2019-159023";"No"
1010;"CA-2019-159142";"No"
1011;"CA-2019-159212";"No"
1012;"CA-2019-159345";"No"
1013;"CA-2019-159373";"No"
1014;"CA-2019-159639";"No"
1015;"CA-2019-159653";"No"
1016;"CA-2019-159695";"No"
1017;"CA-2019-159730";"No"
1018;"CA-2019-159737";"No"
1019;"CA-2019-159765";"No"
1020;"CA-2019-159891";"No"
1021;"CA-2019-159912";"No"
1022;"CA-2019-159940";"No"
1023;"CA-2019-159989";"No"
1024;"CA-2019-160108";"No"
1025;"CA-2019-160108";"Yes"
1026;"CA-2019-160129";"No"
1027;"CA-2019-160129";"Yes"
1028;"CA-2019-160136";"No"
1029;"CA-2019-160220";"No"
1030;"CA-2019-160234";"No"
1031;"CA-2019-160241";"No"
1032;"CA-2019-160304";"No"
1033;"CA-2019-160395";"No"
1034;"CA-2019-160395";"Yes"
1035;"CA-2019-160479";"No"
1036;"CA-2019-160486";"No"
1037;"CA-2019-160500";"Yes"
1038;"CA-2019-160500";"No"
1039;"CA-2019-160535";"No"
1040;"CA-2019-160598";"No"
1041;"CA-2019-160717";"No"
1042;"CA-2019-160745";"No"
1043;"CA-2019-160815";"No"
1044;"CA-2019-160941";"No"
1045;"CA-2019-161025";"No"
1046;"CA-2019-161095";"No"
1047;"CA-2019-161158";"No"
1048;"CA-2019-161207";"No"
1049;"CA-2019-161361";"No"
1050;"CA-2019-161389";"No"
1051;"CA-2019-161473";"No"
1052;"CA-2019-161543";"No"
1053;"CA-2019-161662";"No"
1054;"CA-2019-161669";"Yes"
1055;"CA-2019-161669";"No"
1056;"CA-2019-161676";"No"
1057;"CA-2019-161746";"No"
1058;"CA-2019-161781";"Yes"
1059;"CA-2019-161816";"No"
1060;"CA-2019-161907";"No"
1061;"CA-2019-161928";"No"
1062;"CA-2019-162082";"No"
1063;"CA-2019-162082";"Yes"
1064;"CA-2019-162110";"No"
1065;"CA-2019-162138";"No"
1066;"CA-2019-162159";"No"
1067;"CA-2019-162187";"No"
1068;"CA-2019-162222";"No"
1069;"CA-2019-162236";"No"
1070;"CA-2019-162313";"No"
1071;"CA-2019-162348";"Yes"
1072;"CA-2019-162355";"No"
1073;"CA-2019-162383";"No"
1074;"CA-2019-162390";"No"
1075;"CA-2019-162404";"No"
1076;"CA-2019-162614";"No"
1077;"CA-2019-162726";"No"
1078;"CA-2019-162733";"No"
1079;"CA-2019-162747";"No"
1080;"CA-2019-162901";"No"
1081;"CA-2019-162943";"No"
1082;"CA-2019-163048";"No"
1083;"CA-2019-163153";"No"
1084;"CA-2019-163167";"No"
1085;"CA-2019-163174";"No"
1086;"CA-2019-163202";"No"
1087;"CA-2019-163216";"No"
1088;"CA-2019-163328";"No"
1089;"CA-2019-163328";"Yes"
1090;"CA-2019-163384";"No"
1091;"CA-2019-163398";"No"
1092;"CA-2019-163573";"No"
1093;"CA-2019-163594";"No"
1094;"CA-2019-163636";"Yes"
1095;"CA-2019-163755";"No"
1096;"CA-2019-163776";"Yes"
1097;"CA-2019-163776";"No"
1098;"CA-2019-163804";"No"
1099;"CA-2019-163937";"Yes"
1100;"CA-2019-163951";"No"
1101;"CA-2019-163972";"No"
1102;"CA-2019-163986";"No"
1103;"CA-2019-164035";"No"
1104;"CA-2019-164091";"No"
1105;"CA-2019-164154";"No"
1106;"CA-2019-164350";"No"
1107;"CA-2019-164399";"No"
1108;"CA-2019-164483";"No"
1109;"CA-2019-164490";"No"
1110;"CA-2019-164511";"No"
1111;"CA-2019-164574";"No"
1112;"CA-2019-164637";"No"
1113;"CA-2019-164672";"No"
1114;"CA-2019-164735";"No"
1115;"CA-2019-164770";"No"
1116;"CA-2019-164784";"No"
1117;"CA-2019-164889";"No"
1118;"CA-2019-164896";"No"
1119;"CA-2019-164924";"No"
1120;"CA-2019-164938";"No"
1121;"CA-2019-165015";"No"
1122;"CA-2019-165148";"No"
1123;"CA-2019-165169";"Yes"
1124;"CA-2019-165169";"No"
1125;"CA-2019-165218";"No"
1126;"CA-2019-165218";"Yes"
1127;"CA-2019-165316";"No"
1128;"CA-2019-165330";"No"
1129;"CA-2019-165470";"No"
1130;"CA-2019-165484";"No"
1131;"CA-2019-165561";"No"
1132;"CA-2019-165673";"No"
1133;"CA-2019-165820";"No"
1134;"CA-2019-165827";"No"
1135;"CA-2019-165848";"No"
1136;"CA-2019-165918";"No"
1137;"CA-2019-165995";"No"
1138;"CA-2019-166163";"No"
1139;"CA-2019-166226";"No"
1140;"CA-2019-166240";"No"
1141;"CA-2019-166275";"No"
1142;"CA-2019-166282";"No"
1143;"CA-2019-166373";"Yes"
1144;"CA-2019-166380";"No"
1145;"CA-2019-166429";"No"
1146;"CA-2019-166443";"No"
1147;"CA-2019-166485";"No"
1148;"CA-2019-166618";"No"
1149;"CA-2019-166625";"No"
1150;"CA-2019-166653";"No"
1151;"CA-2019-166674";"Yes"
1152;"CA-2019-166674";"No"
1153;"CA-2019-166772";"No"
1154;"CA-2019-166912";"No"
1155;"CA-2019-167115";"No"
1156;"CA-2019-167241";"No"
1157;"CA-2019-167290";"Yes"
1158;"CA-2019-167416";"No"
1159;"CA-2019-167507";"Yes"
1160;"CA-2019-167507";"No"
1161;"CA-2019-167556";"No"
1162;"CA-2019-167584";"No"
1163;"CA-2019-167605";"No"
1164;"CA-2019-167682";"Yes"
1165;"CA-2019-167682";"No"
1166;"CA-2019-167759";"No"
1167;"CA-2019-167983";"No"
1168;"CA-2019-168032";"Yes"
1169;"CA-2019-168032";"No"
1170;"CA-2019-168046";"No"
1171;"CA-2019-168081";"No"
1172;"CA-2019-168354";"No"
1173;"CA-2019-168361";"No"
1174;"CA-2019-168536";"No"
1175;"CA-2019-168543";"No"
1176;"CA-2019-168557";"No"
1177;"CA-2019-168753";"No"
1178;"CA-2019-168774";"No"
1179;"CA-2019-168830";"No"
1180;"CA-2019-168844";"No"
1181;"CA-2019-168893";"No"
1182;"CA-2019-168893";"Yes"
1183;"CA-2019-168921";"No"
1184;"CA-2019-168956";"No"
1185;"CA-2019-169026";"No"
1186;"CA-2019-169103";"No"
1187;"CA-2019-169166";"No"
1188;"CA-2019-169194";"No"
1189;"CA-2019-169215";"No"
1190;"CA-2019-169334";"No"
1191;"CA-2019-169663";"No"
1192;"CA-2019-169670";"Yes"
1193;"CA-2019-169824";"No"
1194;"CA-2019-169838";"Yes"
1195;"CA-2019-169838";"No"
1196;"CA-2019-169887";"No"
1197;"CA-2019-169922";"No"
1198;"CA-2019-169943";"No"
1199;"CA-2019-169943";"Yes"
1200;"CA-2019-169957";"No"
1201;"CA-2019-169971";"No"
1202;"CA-2020-100013";"No"
1203;"CA-2020-100055";"No"
1204;"CA-2020-100097";"No"
1205;"CA-2020-100097";"Yes"
1206;"CA-2020-100111";"No"
1207;"CA-2020-100160";"No"
1208;"CA-2020-100223";"No"
1209;"CA-2020-100230";"No"
1210;"CA-2020-100230";"Yes"
1211;"CA-2020-100237";"No"
1212;"CA-2020-100314";"No"
1213;"CA-2020-100335";"No"
1214;"CA-2020-100356";"No"
1215;"CA-2020-100384";"No"
1216;"CA-2020-100384";"Yes"
1217;"CA-2020-100412";"No"
1218;"CA-2020-100426";"No"
1219;"CA-2020-100433";"No"
1220;"CA-2020-100524";"No"
1221;"CA-2020-100580";"No"
1222;"CA-2020-100601";"No"
1223;"CA-2020-100615";"No"
1224;"CA-2020-100622";"No"
1225;"CA-2020-100636";"No"
1226;"CA-2020-100650";"No"
1227;"CA-2020-100748";"No"
1228;"CA-2020-100783";"No"
1229;"CA-2020-100811";"No"
1230;"CA-2020-100825";"No"
1231;"CA-2020-100902";"No"
1232;"CA-2020-100951";"No"
1233;"CA-2020-101014";"No"
1234;"CA-2020-101042";"No"
1235;"CA-2020-101049";"No"
1236;"CA-2020-101077";"No"
1237;"CA-2020-101182";"No"
1238;"CA-2020-101210";"No"
1239;"CA-2020-101245";"No"
1240;"CA-2020-101273";"No"
1241;"CA-2020-101308";"No"
1242;"CA-2020-101322";"No"
1243;"CA-2020-101434";"No"
1244;"CA-2020-101483";"No"
1245;"CA-2020-101574";"No"
1246;"CA-2020-101581";"No"
1247;"CA-2020-101637";"No"
1248;"CA-2020-101665";"No"
1249;"CA-2020-101700";"No"
1250;"CA-2020-101700";"Yes"
1251;"CA-2020-101728";"No"
1252;"CA-2020-101749";"No"
1253;"CA-2020-101798";"No"
1254;"CA-2020-101805";"No"
1255;"CA-2020-101945";"No"
1256;"CA-2020-101959";"No"
1257;"CA-2020-101959";"Yes"
1258;"CA-2020-102099";"No"
1259;"CA-2020-102155";"No"
1260;"CA-2020-102197";"No"
1261;"CA-2020-102204";"No"
1262;"CA-2020-102218";"No"
1263;"CA-2020-102267";"No"
1264;"CA-2020-102309";"No"
1265;"CA-2020-102309";"Yes"
1266;"CA-2020-102337";"No"
1267;"CA-2020-102337";"Yes"
1268;"CA-2020-102379";"No"
1269;"CA-2020-102407";"Yes"
1270;"CA-2020-102407";"No"
1271;"CA-2020-102414";"No"
1272;"CA-2020-102519";"No"
1273;"CA-2020-102554";"No"
1274;"CA-2020-102610";"No"
1275;"CA-2020-102659";"No"
1276;"CA-2020-102729";"No"
1277;"CA-2020-102736";"No"
1278;"CA-2020-102750";"No"
1279;"CA-2020-102771";"No"
1280;"CA-2020-102820";"No"
1281;"CA-2020-102834";"No"
1282;"CA-2020-102925";"No"
1283;"CA-2020-102925";"Yes"
1284;"CA-2020-102946";"No"
1285;"CA-2020-102967";"No"
1286;"CA-2020-102974";"No"
1287;"CA-2020-102974";"Yes"
1288;"CA-2020-103009";"No"
1289;"CA-2020-103065";"No"
1290;"CA-2020-103156";"No"
1291;"CA-2020-103212";"No"
1292;"CA-2020-103352";"No"
1293;"CA-2020-103380";"No"
1294;"CA-2020-103380";"Yes"
1295;"CA-2020-103415";"No"
1296;"CA-2020-103443";"No"
1297;"CA-2020-103478";"No"
1298;"CA-2020-103499";"No"
1299;"CA-2020-103506";"No"
1300;"CA-2020-103520";"No"
1301;"CA-2020-103611";"No"
1302;"CA-2020-103765";"No"
1303;"CA-2020-103877";"No"
1304;"CA-2020-103968";"Yes"
1305;"CA-2020-104003";"Yes"
1306;"CA-2020-104010";"No"
1307;"CA-2020-104024";"No"
1308;"CA-2020-104066";"No"
1309;"CA-2020-104080";"Yes"
1310;"CA-2020-104080";"No"
1311;"CA-2020-104108";"No"
1312;"CA-2020-104136";"No"
1313;"CA-2020-104136";"Yes"
1314;"CA-2020-104220";"No"
1315;"CA-2020-104318";"No"
1316;"CA-2020-104381";"No"
1317;"CA-2020-104388";"No"
1318;"CA-2020-104577";"Yes"
1319;"CA-2020-104619";"No"
1320;"CA-2020-104640";"Yes"
1321;"CA-2020-104640";"No"
1322;"CA-2020-104647";"No"
1323;"CA-2020-104731";"No"
1324;"CA-2020-104745";"No"
1325;"CA-2020-104801";"Yes"
1326;"CA-2020-104801";"No"
1327;"CA-2020-104822";"No"
1328;"CA-2020-104850";"No"
1329;"CA-2020-104864";"No"
1330;"CA-2020-104864";"Yes"
1331;"CA-2020-104885";"No"
1332;"CA-2020-104885";"Yes"
1333;"CA-2020-104906";"No"
1334;"CA-2020-104913";"No"
1335;"CA-2020-104927";"No"
1336;"CA-2020-105053";"No"
1337;"CA-2020-105074";"No"
1338;"CA-2020-105130";"No"
1339;"CA-2020-105144";"No"
1340;"CA-2020-105193";"No"
1341;"CA-2020-105214";"No"
1342;"CA-2020-105235";"No"
1343;"CA-2020-105235";"Yes"
1344;"CA-2020-105326";"Yes"
1345;"CA-2020-105333";"No"
1346;"CA-2020-105333";"Yes"
1347;"CA-2020-105410";"Yes"
1348;"CA-2020-105410";"No"
1349;"CA-2020-105445";"No"
1350;"CA-2020-105480";"No"
1351;"CA-2020-105487";"Yes"
1352;"CA-2020-105487";"No"
1353;"CA-2020-105543";"Yes"
1354;"CA-2020-105620";"No"
1355;"CA-2020-105669";"No"
1356;"CA-2020-105809";"No"
1357;"CA-2020-105823";"No"
1358;"CA-2020-105851";"No"
1359;"CA-2020-105886";"No"
1360;"CA-2020-105914";"No"
1361;"CA-2020-105921";"Yes"
1362;"CA-2020-105991";"Yes"
1363;"CA-2020-105991";"No"
1364;"CA-2020-106033";"No"
1365;"CA-2020-106047";"No"
1366;"CA-2020-106068";"No"
1367;"CA-2020-106103";"No"
1368;"CA-2020-106180";"No"
1369;"CA-2020-106355";"No"
1370;"CA-2020-106432";"No"
1371;"CA-2020-106537";"No"
1372;"CA-2020-106691";"No"
1373;"CA-2020-106747";"No"
1374;"CA-2020-106782";"No"
1375;"CA-2020-106824";"No"
1376;"CA-2020-106831";"No"
1377;"CA-2020-106852";"No"
1378;"CA-2020-106859";"No"
1379;"CA-2020-106859";"Yes"
1380;"CA-2020-106943";"No"
1381;"CA-2020-106964";"No"
1382;"CA-2020-107125";"No"
1383;"CA-2020-107132";"Yes"
1384;"CA-2020-107132";"No"
1385;"CA-2020-107167";"No"
1386;"CA-2020-107174";"No"
1387;"CA-2020-107209";"No"
1388;"CA-2020-107244";"No"
1389;"CA-2020-107265";"No"
1390;"CA-2020-107293";"No"
1391;"CA-2020-107314";"Yes"
1392;"CA-2020-107321";"No"
1393;"CA-2020-107342";"No"
1394;"CA-2020-107461";"No"
1395;"CA-2020-107503";"No"
1396;"CA-2020-107517";"No"
1397;"CA-2020-107552";"No"
1398;"CA-2020-107629";"No"
1399;"CA-2020-107713";"No"
1400;"CA-2020-107720";"No"
1401;"CA-2020-107727";"No"
1402;"CA-2020-107748";"No"
1403;"CA-2020-107797";"No"
1404;"CA-2020-107825";"No"
1405;"CA-2020-107825";"Yes"
1406;"CA-2020-107832";"No"
1407;"CA-2020-107853";"No"
1408;"CA-2020-107874";"No"
1409;"CA-2020-107909";"No"
1410;"CA-2020-107958";"No"
1411;"CA-2020-107986";"No"
1412;"CA-2020-108000";"No"
1413;"CA-2020-108035";"No"
1414;"CA-2020-108070";"No"
1415;"CA-2020-108091";"No"
1416;"CA-2020-108112";"No"
1417;"CA-2020-108112";"Yes"
1418;"CA-2020-108287";"No"
1419;"CA-2020-108294";"No"
1420;"CA-2020-108322";"No"
1421;"CA-2020-108329";"No"
1422;"CA-2020-108441";"No"
1423;"CA-2020-108539";"Yes"
1424;"CA-2020-108539";"No"
1425;"CA-2020-108553";"No"
1426;"CA-2020-108553";"Yes"
1427;"CA-2020-108560";"Yes"
1428;"CA-2020-108560";"No"
1429;"CA-2020-108574";"No"
1430;"CA-2020-108749";"No"
1431;"CA-2020-108756";"No"
1432;"CA-2020-108791";"No"
1433;"CA-2020-108854";"No"
1434;"CA-2020-108910";"Yes"
1435;"CA-2020-108931";"No"
1436;"CA-2020-109085";"No"
1437;"CA-2020-109099";"Yes"
1438;"CA-2020-109183";"No"
1439;"CA-2020-109211";"No"
1440;"CA-2020-109393";"No"
1441;"CA-2020-109589";"No"
1442;"CA-2020-109701";"No"
1443;"CA-2020-109715";"No"
1444;"CA-2020-109750";"No"
1445;"CA-2020-109757";"No"
1446;"CA-2020-109778";"Yes"
1447;"CA-2020-109946";"No"
1448;"CA-2020-109960";"No"
1449;"CA-2020-110198";"No"
1450;"CA-2020-110212";"No"
1451;"CA-2020-110310";"Yes"
1452;"CA-2020-110310";"No"
1453;"CA-2020-110373";"No"
1454;"CA-2020-110380";"No"
1455;"CA-2020-110429";"No"
1456;"CA-2020-110443";"No"
1457;"CA-2020-110478";"Yes"
1458;"CA-2020-110478";"No"
1459;"CA-2020-110625";"No"
1460;"CA-2020-110821";"No"
1461;"CA-2020-110842";"No"
1462;"CA-2020-110842";"Yes"
1463;"CA-2020-110884";"No"
1464;"CA-2020-110905";"No"
1465;"CA-2020-110926";"No"
1466;"CA-2020-110940";"No"
1467;"CA-2020-111178";"No"
1468;"CA-2020-111220";"No"
1469;"CA-2020-111262";"No"
1470;"CA-2020-111269";"Yes"
1471;"CA-2020-111269";"No"
1472;"CA-2020-111332";"No"
1473;"CA-2020-111374";"No"
1474;"CA-2020-111388";"No"
1475;"CA-2020-111556";"Yes"
1476;"CA-2020-111556";"No"
1477;"CA-2020-111577";"No"
1478;"CA-2020-111591";"No"
1479;"CA-2020-111647";"No"
1480;"CA-2020-111689";"No"
1481;"CA-2020-111689";"Yes"
1482;"CA-2020-111717";"No"
1483;"CA-2020-111738";"No"
1484;"CA-2020-111759";"No"
1485;"CA-2020-111808";"No"
1486;"CA-2020-111815";"No"
1487;"CA-2020-112004";"No"
1488;"CA-2020-112039";"No"
1489;"CA-2020-112172";"No"
1490;"CA-2020-112333";"No"
1491;"CA-2020-112431";"No"
1492;"CA-2020-112473";"No"
1493;"CA-2020-112487";"No"
1494;"CA-2020-112515";"No"
1495;"CA-2020-112529";"No"
1496;"CA-2020-112536";"No"
1497;"CA-2020-112725";"No"
1498;"CA-2020-112753";"No"
1499;"CA-2020-112774";"No"
1500;"CA-2020-112809";"Yes"
1501;"CA-2020-112809";"No"
1502;"CA-2020-112844";"Yes"
1503;"CA-2020-112844";"No"
1504;"CA-2020-112865";"No"
1505;"CA-2020-112900";"No"
1506;"CA-2020-112956";"Yes"
1507;"CA-2020-112956";"No"
1508;"CA-2020-112984";"No"
1509;"CA-2020-113075";"No"
1510;"CA-2020-113208";"No"
1511;"CA-2020-113278";"No"
1512;"CA-2020-113355";"No"
1513;"CA-2020-113418";"No"
1514;"CA-2020-113453";"No"
1515;"CA-2020-113460";"No"
1516;"CA-2020-113474";"No"
1517;"CA-2020-113481";"No"
1518;"CA-2020-113481";"Yes"
1519;"CA-2020-113530";"No"
1520;"CA-2020-113530";"Yes"
1521;"CA-2020-113558";"No"
1522;"CA-2020-113572";"No"
1523;"CA-2020-113670";"Yes"
1524;"CA-2020-113670";"No"
1525;"CA-2020-113705";"No"
1526;"CA-2020-113873";"No"
1527;"CA-2020-113908";"No"
1528;"CA-2020-114055";"No"
1529;"CA-2020-114055";"Yes"
1530;"CA-2020-114216";"No"
1531;"CA-2020-114258";"No"
1532;"CA-2020-114370";"No"
1533;"CA-2020-114412";"No"
1534;"CA-2020-114440";"No"
1535;"CA-2020-114524";"No"
1536;"CA-2020-114552";"No"
1537;"CA-2020-114636";"No"
1538;"CA-2020-114804";"No"
1539;"CA-2020-115070";"No"
1540;"CA-2020-115105";"Yes"
1541;"CA-2020-115119";"No"
1542;"CA-2020-115154";"No"
1543;"CA-2020-115175";"No"
1544;"CA-2020-115322";"No"
1545;"CA-2020-115364";"No"
1546;"CA-2020-115427";"No"
1547;"CA-2020-115448";"No"
1548;"CA-2020-115546";"No"
1549;"CA-2020-115602";"No"
1550;"CA-2020-115651";"No"
1551;"CA-2020-115777";"No"
1552;"CA-2020-115805";"No"
1553;"CA-2020-115882";"No"
1554;"CA-2020-115931";"No"
1555;"CA-2020-115994";"No"
1556;"CA-2020-116113";"No"
1557;"CA-2020-116127";"No"
1558;"CA-2020-116204";"No"
1559;"CA-2020-116225";"No"
1560;"CA-2020-116288";"No"
1561;"CA-2020-116358";"No"
1562;"CA-2020-116358";"Yes"
1563;"CA-2020-116498";"No"
1564;"CA-2020-116519";"No"
1565;"CA-2020-116645";"No"
1566;"CA-2020-116680";"No"
1567;"CA-2020-116715";"No"
1568;"CA-2020-116715";"Yes"
1569;"CA-2020-116855";"No"
1570;"CA-2020-116939";"No"
1571;"CA-2020-116946";"No"
1572;"CA-2020-116953";"No"
1573;"CA-2020-116988";"No"
1574;"CA-2020-117009";"Yes"
1575;"CA-2020-117023";"No"
1576;"CA-2020-117044";"No"
1577;"CA-2020-117079";"No"
1578;"CA-2020-117114";"No"
1579;"CA-2020-117128";"No"
1580;"CA-2020-117156";"No"
1581;"CA-2020-117198";"No"
1582;"CA-2020-117212";"No"
1583;"CA-2020-117240";"No"
1584;"CA-2020-117261";"Yes"
1585;"CA-2020-117324";"No"
1586;"CA-2020-117394";"No"
1587;"CA-2020-117401";"No"
1588;"CA-2020-117422";"No"
1589;"CA-2020-117436";"No"
1590;"CA-2020-117443";"No"
1591;"CA-2020-117457";"No"
1592;"CA-2020-117485";"No"
1593;"CA-2020-117513";"No"
1594;"CA-2020-117632";"No"
1595;"CA-2020-117646";"No"
1596;"CA-2020-117653";"No"
1597;"CA-2020-117667";"Yes"
1598;"CA-2020-117667";"No"
1599;"CA-2020-117695";"No"
1600;"CA-2020-117702";"No"
1601;"CA-2020-117807";"No"
1602;"CA-2020-117821";"No"
1603;"CA-2020-117863";"No"
1604;"CA-2020-117870";"No"
1605;"CA-2020-117926";"No"
1606;"CA-2020-117933";"No"
1607;"CA-2020-117947";"No"
1608;"CA-2020-117947";"Yes"
1609;"CA-2020-118003";"No"
1610;"CA-2020-118003";"Yes"
1611;"CA-2020-118017";"No"
1612;"CA-2020-118017";"Yes"
1613;"CA-2020-118122";"No"
1614;"CA-2020-118136";"No"
1615;"CA-2020-118199";"No"
1616;"CA-2020-118213";"No"
1617;"CA-2020-118213";"Yes"
1618;"CA-2020-118346";"No"
1619;"CA-2020-118360";"No"
1620;"CA-2020-118367";"Yes"
1621;"CA-2020-118402";"No"
1622;"CA-2020-118437";"No"
1623;"CA-2020-118521";"No"
1624;"CA-2020-118542";"No"
1625;"CA-2020-118577";"No"
1626;"CA-2020-118640";"Yes"
1627;"CA-2020-118640";"No"
1628;"CA-2020-118668";"No"
1629;"CA-2020-118724";"No"
1630;"CA-2020-118724";"Yes"
1631;"CA-2020-118731";"No"
1632;"CA-2020-118773";"Yes"
1633;"CA-2020-118773";"No"
1634;"CA-2020-118857";"No"
1635;"CA-2020-118864";"No"
1636;"CA-2020-118885";"No"
1637;"CA-2020-118892";"No"
1638;"CA-2020-119004";"No"
1639;"CA-2020-119011";"No"
1640;"CA-2020-119193";"No"
1641;"CA-2020-119284";"No"
1642;"CA-2020-119305";"No"
1643;"CA-2020-119389";"No"
1644;"CA-2020-119424";"No"
1645;"CA-2020-119452";"No"
1646;"CA-2020-119494";"No"
1647;"CA-2020-119564";"No"
1648;"CA-2020-119578";"No"
1649;"CA-2020-119655";"No"
1650;"CA-2020-119669";"No"
1651;"CA-2020-119746";"No"
1652;"CA-2020-119809";"No"
1653;"CA-2020-119914";"No"
1654;"CA-2020-120019";"No"
1655;"CA-2020-120061";"No"
1656;"CA-2020-120168";"No"
1657;"CA-2020-120222";"No"
1658;"CA-2020-120327";"No"
1659;"CA-2020-120376";"No"
1660;"CA-2020-120376";"Yes"
1661;"CA-2020-120404";"No"
1662;"CA-2020-120614";"No"
1663;"CA-2020-120705";"Yes"
1664;"CA-2020-120719";"No"
1665;"CA-2020-120761";"No"
1666;"CA-2020-120894";"No"
1667;"CA-2020-120936";"No"
1668;"CA-2020-120999";"No"
1669;"CA-2020-121027";"No"
1670;"CA-2020-121048";"No"
1671;"CA-2020-121083";"Yes"
1672;"CA-2020-121083";"No"
1673;"CA-2020-121125";"No"
1674;"CA-2020-121160";"No"
1675;"CA-2020-121195";"No"
1676;"CA-2020-121216";"No"
1677;"CA-2020-121258";"No"
1678;"CA-2020-121293";"No"
1679;"CA-2020-121300";"No"
1680;"CA-2020-121314";"No"
1681;"CA-2020-121398";"No"
1682;"CA-2020-121412";"Yes"
1683;"CA-2020-121419";"No"
1684;"CA-2020-121419";"Yes"
1685;"CA-2020-121468";"No"
1686;"CA-2020-121489";"No"
1687;"CA-2020-121503";"No"
1688;"CA-2020-121538";"No"
1689;"CA-2020-121559";"Yes"
1690;"CA-2020-121559";"No"
1691;"CA-2020-121580";"No"
1692;"CA-2020-121615";"No"
1693;"CA-2020-121643";"No"
1694;"CA-2020-121678";"Yes"
1695;"CA-2020-121706";"No"
1696;"CA-2020-121741";"No"
1697;"CA-2020-121790";"No"
1698;"CA-2020-121804";"No"
1699;"CA-2020-121818";"No"
1700;"CA-2020-121839";"No"
1701;"CA-2020-121853";"No"
1702;"CA-2020-121888";"No"
1703;"CA-2020-121888";"Yes"
1704;"CA-2020-121909";"No"
1705;"CA-2020-122007";"No"
1706;"CA-2020-122028";"No"
1707;"CA-2020-122035";"No"
1708;"CA-2020-122056";"No"
1709;"CA-2020-122077";"No"
1710;"CA-2020-122105";"No"
1711;"CA-2020-122112";"No"
1712;"CA-2020-122154";"No"
1713;"CA-2020-122175";"No"
1714;"CA-2020-122175";"Yes"
1715;"CA-2020-122196";"No"
1716;"CA-2020-122280";"No"
1717;"CA-2020-122308";"No"
1718;"CA-2020-122364";"No"
1719;"CA-2020-122490";"No"
1720;"CA-2020-122504";"No"
1721;"CA-2020-122539";"No"
1722;"CA-2020-122595";"No"
1723;"CA-2020-122595";"Yes"
1724;"CA-2020-122644";"No"
1725;"CA-2020-122693";"No"
1726;"CA-2020-122700";"No"
1727;"CA-2020-122707";"No"
1728;"CA-2020-122735";"No"
1729;"CA-2020-122763";"No"
1730;"CA-2020-122770";"Yes"
1731;"CA-2020-122770";"No"
1732;"CA-2020-122798";"No"
1733;"CA-2020-122945";"No"
1734;"CA-2020-122987";"No"
1735;"CA-2020-122994";"No"
1736;"CA-2020-123001";"No"
1737;"CA-2020-123022";"No"
1738;"CA-2020-123029";"No"
1739;"CA-2020-123036";"No"
1740;"CA-2020-123043";"No"
1741;"CA-2020-123071";"No"
1742;"CA-2020-123085";"No"
1743;"CA-2020-123134";"No"
1744;"CA-2020-123239";"No"
1745;"CA-2020-123246";"No"
1746;"CA-2020-123351";"No"
1747;"CA-2020-123372";"No"
1748;"CA-2020-123491";"Yes"
1749;"CA-2020-123491";"No"
1750;"CA-2020-123624";"No"
1751;"CA-2020-123638";"No"
1752;"CA-2020-123659";"No"
1753;"CA-2020-123687";"No"
1754;"CA-2020-123701";"No"
1755;"CA-2020-123778";"No"
1756;"CA-2020-123967";"No"
1757;"CA-2020-123981";"No"
1758;"CA-2020-124086";"No"
1759;"CA-2020-124114";"No"
1760;"CA-2020-124191";"No"
1761;"CA-2020-124205";"No"
1762;"CA-2020-124205";"Yes"
1763;"CA-2020-124261";"No"
1764;"CA-2020-124296";"Yes"
1765;"CA-2020-124296";"No"
1766;"CA-2020-124401";"No"
1767;"CA-2020-124436";"No"
1768;"CA-2020-124576";"No"
1769;"CA-2020-124597";"No"
1770;"CA-2020-124597";"Yes"
1771;"CA-2020-124674";"No"
1772;"CA-2020-124716";"No"
1773;"CA-2020-124744";"No"
1774;"CA-2020-124765";"No"
1775;"CA-2020-124828";"No"
1776;"CA-2020-124898";"No"
1777;"CA-2020-124940";"No"
1778;"CA-2020-125101";"No"
1779;"CA-2020-125115";"No"
1780;"CA-2020-125199";"No"
1781;"CA-2020-125269";"No"
1782;"CA-2020-125290";"No"
1783;"CA-2020-125367";"No"
1784;"CA-2020-125381";"No"
1785;"CA-2020-125388";"No"
1786;"CA-2020-125451";"No"
1787;"CA-2020-125472";"No"
1788;"CA-2020-125640";"Yes"
1789;"CA-2020-125745";"Yes"
1790;"CA-2020-125752";"No"
1791;"CA-2020-125878";"No"
1792;"CA-2020-125913";"No"
1793;"CA-2020-125990";"No"
1794;"CA-2020-126046";"No"
1795;"CA-2020-126067";"Yes"
1796;"CA-2020-126067";"No"
1797;"CA-2020-126074";"No"
1798;"CA-2020-126123";"Yes"
1799;"CA-2020-126123";"No"
1800;"CA-2020-126144";"No"
1801;"CA-2020-126221";"No"
1802;"CA-2020-126242";"Yes"
1803;"CA-2020-126242";"No"
1804;"CA-2020-126354";"No"
1805;"CA-2020-126382";"No"
1806;"CA-2020-126396";"Yes"
1807;"CA-2020-126438";"No"
1808;"CA-2020-126536";"No"
1809;"CA-2020-126550";"No"
1810;"CA-2020-126634";"Yes"
1811;"CA-2020-126662";"No"
1812;"CA-2020-126676";"No"
1813;"CA-2020-126718";"No"
1814;"CA-2020-126774";"No"
1815;"CA-2020-126788";"No"
1816;"CA-2020-126865";"No"
1817;"CA-2020-126914";"No"
1818;"CA-2020-126928";"No"
1819;"CA-2020-126956";"Yes"
1820;"CA-2020-126956";"No"
1821;"CA-2020-127026";"No"
1822;"CA-2020-127096";"No"
1823;"CA-2020-127117";"No"
1824;"CA-2020-127180";"No"
1825;"CA-2020-127264";"No"
1826;"CA-2020-127285";"No"
1827;"CA-2020-127306";"No"
1828;"CA-2020-127313";"No"
1829;"CA-2020-127397";"No"
1830;"CA-2020-127432";"No"
1831;"CA-2020-127460";"No"
1832;"CA-2020-127474";"No"
1833;"CA-2020-127516";"Yes"
1834;"CA-2020-127621";"No"
1835;"CA-2020-127656";"No"
1836;"CA-2020-127705";"No"
1837;"CA-2020-127712";"No"
1838;"CA-2020-127726";"No"
1839;"CA-2020-127782";"No"
1840;"CA-2020-127803";"No"
1841;"CA-2020-127922";"No"
1842;"CA-2020-127929";"No"
1843;"CA-2020-128041";"No"
1844;"CA-2020-128076";"No"
1845;"CA-2020-128160";"No"
1846;"CA-2020-128265";"No"
1847;"CA-2020-128300";"No"
1848;"CA-2020-128328";"No"
1849;"CA-2020-128335";"No"
1850;"CA-2020-128363";"Yes"
1851;"CA-2020-128363";"No"
1852;"CA-2020-128370";"No"
1853;"CA-2020-128426";"No"
1854;"CA-2020-128475";"No"
1855;"CA-2020-128629";"No"
1856;"CA-2020-128699";"No"
1857;"CA-2020-128734";"No"
1858;"CA-2020-128755";"No"
1859;"CA-2020-128769";"No"
1860;"CA-2020-128783";"No"
1861;"CA-2020-128853";"No"
1862;"CA-2020-128944";"No"
1863;"CA-2020-128944";"Yes"
1864;"CA-2020-128965";"Yes"
1865;"CA-2020-128965";"No"
1866;"CA-2020-129000";"No"
1867;"CA-2020-129021";"No"
1868;"CA-2020-129028";"No"
1869;"CA-2020-129294";"No"
1870;"CA-2020-129357";"No"
1871;"CA-2020-129378";"No"
1872;"CA-2020-129462";"No"
1873;"CA-2020-129490";"No"
1874;"CA-2020-129567";"No"
1875;"CA-2020-129581";"No"
1876;"CA-2020-129707";"No"
1877;"CA-2020-129805";"No"
1878;"CA-2020-129833";"No"
1879;"CA-2020-129910";"No"
1880;"CA-2020-130036";"No"
1881;"CA-2020-130043";"No"
1882;"CA-2020-130106";"No"
1883;"CA-2020-130141";"No"
1884;"CA-2020-130148";"Yes"
1885;"CA-2020-130148";"No"
1886;"CA-2020-130211";"No"
1887;"CA-2020-130302";"No"
1888;"CA-2020-130309";"No"
1889;"CA-2020-130351";"No"
1890;"CA-2020-130351";"Yes"
1891;"CA-2020-130386";"No"
1892;"CA-2020-130386";"Yes"
1893;"CA-2020-130505";"Yes"
1894;"CA-2020-130526";"No"
1895;"CA-2020-130631";"No"
1896;"CA-2020-130715";"No"
1897;"CA-2020-130764";"Yes"
1898;"CA-2020-130764";"No"
1899;"CA-2020-130771";"No"
1900;"CA-2020-130834";"No"
1901;"CA-2020-130841";"No"
1902;"CA-2020-130904";"No"
1903;"CA-2020-130967";"No"
1904;"CA-2020-131016";"No"
1905;"CA-2020-131016";"Yes"
1906;"CA-2020-131037";"Yes"
1907;"CA-2020-131156";"Yes"
1908;"CA-2020-131212";"No"
1909;"CA-2020-131233";"No"
1910;"CA-2020-131254";"No"
1911;"CA-2020-131282";"Yes"
1912;"CA-2020-131282";"No"
1913;"CA-2020-131303";"No"
1914;"CA-2020-131366";"No"
1915;"CA-2020-131492";"No"
1916;"CA-2020-131618";"No"
1917;"CA-2020-131625";"Yes"
1918;"CA-2020-131632";"No"
1919;"CA-2020-131653";"No"
1920;"CA-2020-131695";"Yes"
1921;"CA-2020-131695";"No"
1922;"CA-2020-131807";"Yes"
1923;"CA-2020-131807";"No"
1924;"CA-2020-131828";"No"
1925;"CA-2020-131954";"No"
1926;"CA-2020-132122";"No"
1927;"CA-2020-132178";"No"
1928;"CA-2020-132185";"Yes"
1929;"CA-2020-132185";"No"
1930;"CA-2020-132199";"No"
1931;"CA-2020-132213";"No"
1932;"CA-2020-132234";"No"
1933;"CA-2020-132262";"No"
1934;"CA-2020-132290";"No"
1935;"CA-2020-132339";"No"
1936;"CA-2020-132346";"No"
1937;"CA-2020-132353";"No"
1938;"CA-2020-132430";"No"
1939;"CA-2020-132437";"No"
1940;"CA-2020-132521";"No"
1941;"CA-2020-132521";"Yes"
1942;"CA-2020-132584";"No"
1943;"CA-2020-132619";"No"
1944;"CA-2020-132647";"No"
1945;"CA-2020-132647";"Yes"
1946;"CA-2020-132682";"No"
1947;"CA-2020-132738";"No"
1948;"CA-2020-132934";"No"
1949;"CA-2020-132955";"No"
1950;"CA-2020-132976";"No"
1951;"CA-2020-132976";"Yes"
1952;"CA-2020-133004";"No"
1953;"CA-2020-133046";"Yes"
1954;"CA-2020-133046";"No"
1955;"CA-2020-133067";"Yes"
1956;"CA-2020-133067";"No"
1957;"CA-2020-133074";"No"
1958;"CA-2020-133095";"No"
1959;"CA-2020-133102";"No"
1960;"CA-2020-133207";"No"
1961;"CA-2020-133235";"No"
1962;"CA-2020-133249";"No"
1963;"CA-2020-133256";"No"
1964;"CA-2020-133263";"No"
1965;"CA-2020-133333";"No"
1966;"CA-2020-133431";"No"
1967;"CA-2020-133487";"No"
1968;"CA-2020-133501";"No"
1969;"CA-2020-133620";"No"
1970;"CA-2020-133641";"No"
1971;"CA-2020-133648";"No"
1972;"CA-2020-133718";"No"
1973;"CA-2020-133823";"No"
1974;"CA-2020-133865";"No"
1975;"CA-2020-133928";"No"
1976;"CA-2020-134096";"No"
1977;"CA-2020-134152";"No"
1978;"CA-2020-134173";"No"
1979;"CA-2020-134194";"No"
1980;"CA-2020-134285";"No"
1981;"CA-2020-134285";"Yes"
1982;"CA-2020-134306";"Yes"
1983;"CA-2020-134306";"No"
1984;"CA-2020-134404";"No"
1985;"CA-2020-134418";"No"
1986;"CA-2020-134439";"No"
1987;"CA-2020-134495";"No"
1988;"CA-2020-134565";"No"
1989;"CA-2020-134607";"No"
1990;"CA-2020-134635";"No"
1991;"CA-2020-134649";"No"
1992;"CA-2020-134649";"Yes"
1993;"CA-2020-134796";"No"
1994;"CA-2020-134810";"No"
1995;"CA-2020-134810";"Yes"
1996;"CA-2020-134838";"No"
1997;"CA-2020-134845";"No"
1998;"CA-2020-134845";"Yes"
1999;"CA-2020-134880";"No"
2000;"CA-2020-134915";"Yes"
2001;"CA-2020-134915";"No"
2002;"CA-2020-134978";"No"
2003;"CA-2020-135034";"No"
2004;"CA-2020-135069";"No"
2005;"CA-2020-135076";"Yes"
2006;"CA-2020-135111";"Yes"
2007;"CA-2020-135111";"No"
2008;"CA-2020-135167";"No"
2009;"CA-2020-135279";"No"
2010;"CA-2020-135307";"No"
2011;"CA-2020-135377";"No"
2012;"CA-2020-135419";"No"
2013;"CA-2020-135587";"No"
2014;"CA-2020-135650";"No"
2015;"CA-2020-135692";"No"
2016;"CA-2020-135783";"No"
2017;"CA-2020-135860";"No"
2018;"CA-2020-135909";"No"
2019;"CA-2020-135937";"No"
2020;"CA-2020-135937";"Yes"
2021;"CA-2020-136000";"Yes"
2022;"CA-2020-136007";"No"
2023;"CA-2020-136063";"No"
2024;"CA-2020-136238";"No"
2025;"CA-2020-136308";"No"
2026;"CA-2020-136350";"Yes"
2027;"CA-2020-136350";"No"
2028;"CA-2020-136364";"No"
2029;"CA-2020-136448";"No"
2030;"CA-2020-136497";"Yes"
2031;"CA-2020-136511";"No"
2032;"CA-2020-136539";"No"
2033;"CA-2020-136609";"No"
2034;"CA-2020-136623";"No"
2035;"CA-2020-136651";"No"
2036;"CA-2020-136672";"No"
2037;"CA-2020-136826";"No"
2038;"CA-2020-136875";"No"
2039;"CA-2020-136882";"No"
2040;"CA-2020-137001";"No"
2041;"CA-2020-137022";"No"
2042;"CA-2020-137085";"No"
2043;"CA-2020-137099";"No"
2044;"CA-2020-137323";"No"
2045;"CA-2020-137344";"No"
2046;"CA-2020-137365";"No"
2047;"CA-2020-137414";"No"
2048;"CA-2020-137421";"No"
2049;"CA-2020-137428";"No"
2050;"CA-2020-137449";"No"
2051;"CA-2020-137456";"No"
2052;"CA-2020-137463";"Yes"
2053;"CA-2020-137463";"No"
2054;"CA-2020-137470";"No"
2055;"CA-2020-137498";"No"
2056;"CA-2020-137498";"Yes"
2057;"CA-2020-137505";"No"
2058;"CA-2020-137582";"No"
2059;"CA-2020-137596";"No"
2060;"CA-2020-137624";"No"
2061;"CA-2020-137631";"No"
2062;"CA-2020-137785";"No"
2063;"CA-2020-137876";"No"
2064;"CA-2020-137918";"No"
2065;"CA-2020-138149";"No"
2066;"CA-2020-138156";"No"
2067;"CA-2020-138163";"No"
2068;"CA-2020-138289";"No"
2069;"CA-2020-138310";"No"
2070;"CA-2020-138380";"Yes"
2071;"CA-2020-138422";"No"
2072;"CA-2020-138464";"No"
2073;"CA-2020-138548";"No"
2074;"CA-2020-138611";"No"
2075;"CA-2020-138618";"No"
2076;"CA-2020-138779";"No"
2077;"CA-2020-138870";"No"
2078;"CA-2020-138975";"No"
2079;"CA-2020-139080";"No"
2080;"CA-2020-139199";"No"
2081;"CA-2020-139304";"No"
2082;"CA-2020-139304";"Yes"
2083;"CA-2020-139311";"No"
2084;"CA-2020-139353";"No"
2085;"CA-2020-139402";"No"
2086;"CA-2020-139416";"Yes"
2087;"CA-2020-139437";"No"
2088;"CA-2020-139444";"No"
2089;"CA-2020-139493";"No"
2090;"CA-2020-139619";"No"
2091;"CA-2020-139661";"No"
2092;"CA-2020-139717";"No"
2093;"CA-2020-139773";"No"
2094;"CA-2020-139787";"No"
2095;"CA-2020-139822";"Yes"
2096;"CA-2020-139822";"No"
2097;"CA-2020-139913";"No"
2098;"CA-2020-139948";"No"
2099;"CA-2020-140053";"No"
2100;"CA-2020-140088";"No"
2101;"CA-2020-140151";"No"
2102;"CA-2020-140186";"Yes"
2103;"CA-2020-140186";"No"
2104;"CA-2020-140242";"Yes"
2105;"CA-2020-140242";"No"
2106;"CA-2020-140298";"Yes"
2107;"CA-2020-140298";"No"
2108;"CA-2020-140326";"No"
2109;"CA-2020-140480";"No"
2110;"CA-2020-140494";"No"
2111;"CA-2020-140508";"No"
2112;"CA-2020-140515";"No"
2113;"CA-2020-140536";"No"
2114;"CA-2020-140585";"No"
2115;"CA-2020-140627";"No"
2116;"CA-2020-140627";"Yes"
2117;"CA-2020-140676";"No"
2118;"CA-2020-140760";"No"
2119;"CA-2020-140781";"No"
2120;"CA-2020-140802";"No"
2121;"CA-2020-140844";"No"
2122;"CA-2020-140872";"No"
2123;"CA-2020-140872";"Yes"
2124;"CA-2020-140949";"No"
2125;"CA-2020-140949";"Yes"
2126;"CA-2020-140963";"No"
2127;"CA-2020-141103";"No"
2128;"CA-2020-141117";"No"
2129;"CA-2020-141138";"No"
2130;"CA-2020-141201";"No"
2131;"CA-2020-141425";"No"
2132;"CA-2020-141439";"Yes"
2133;"CA-2020-141439";"No"
2134;"CA-2020-141446";"No"
2135;"CA-2020-141481";"No"
2136;"CA-2020-141572";"Yes"
2137;"CA-2020-141614";"No"
2138;"CA-2020-141663";"No"
2139;"CA-2020-141705";"No"
2140;"CA-2020-141719";"No"
2141;"CA-2020-141733";"No"
2142;"CA-2020-141747";"No"
2143;"CA-2020-141782";"No"
2144;"CA-2020-141789";"No"
2145;"CA-2020-141873";"No"
2146;"CA-2020-141929";"No"
2147;"CA-2020-141992";"No"
2148;"CA-2020-142034";"No"
2149;"CA-2020-142090";"No"
2150;"CA-2020-142125";"No"
2151;"CA-2020-142174";"No"
2152;"CA-2020-142293";"No"
2153;"CA-2020-142328";"No"
2154;"CA-2020-142342";"No"
2155;"CA-2020-142391";"No"
2156;"CA-2020-142461";"No"
2157;"CA-2020-142489";"No"
2158;"CA-2020-142622";"Yes"
2159;"CA-2020-142622";"No"
2160;"CA-2020-142636";"No"
2161;"CA-2020-142643";"No"
2162;"CA-2020-142671";"No"
2163;"CA-2020-142776";"No"
2164;"CA-2020-142867";"No"
2165;"CA-2020-142888";"Yes"
2166;"CA-2020-142909";"No"
2167;"CA-2020-143021";"No"
2168;"CA-2020-143035";"Yes"
2169;"CA-2020-143035";"No"
2170;"CA-2020-143063";"No"
2171;"CA-2020-143084";"No"
2172;"CA-2020-143112";"No"
2173;"CA-2020-143126";"No"
2174;"CA-2020-143217";"No"
2175;"CA-2020-143245";"No"
2176;"CA-2020-143252";"No"
2177;"CA-2020-143259";"No"
2178;"CA-2020-143294";"No"
2179;"CA-2020-143329";"No"
2180;"CA-2020-143343";"No"
2181;"CA-2020-143378";"No"
2182;"CA-2020-143434";"No"
2183;"CA-2020-143455";"No"
2184;"CA-2020-143567";"No"
2185;"CA-2020-143574";"No"
2186;"CA-2020-143651";"No"
2187;"CA-2020-143658";"No"
2188;"CA-2020-143665";"No"
2189;"CA-2020-143686";"Yes"
2190;"CA-2020-143686";"No"
2191;"CA-2020-143756";"No"
2192;"CA-2020-143798";"No"
2193;"CA-2020-143861";"No"
2194;"CA-2020-144036";"No"
2195;"CA-2020-144064";"No"
2196;"CA-2020-144113";"Yes"
2197;"CA-2020-144113";"No"
2198;"CA-2020-144225";"No"
2199;"CA-2020-144365";"No"
2200;"CA-2020-144456";"No"
2201;"CA-2020-144463";"No"
2202;"CA-2020-144484";"No"
2203;"CA-2020-144491";"No"
2204;"CA-2020-144498";"No"
2205;"CA-2020-144526";"Yes"
2206;"CA-2020-144526";"No"
2207;"CA-2020-144568";"No"
2208;"CA-2020-144589";"No"
2209;"CA-2020-144596";"No"
2210;"CA-2020-144638";"No"
2211;"CA-2020-144680";"No"
2212;"CA-2020-144694";"No"
2213;"CA-2020-144750";"No"
2214;"CA-2020-144820";"No"
2215;"CA-2020-144827";"No"
2216;"CA-2020-144848";"No"
2217;"CA-2020-144862";"No"
2218;"CA-2020-144862";"Yes"
2219;"CA-2020-144883";"No"
2220;"CA-2020-144904";"Yes"
2221;"CA-2020-144904";"No"
2222;"CA-2020-144932";"Yes"
2223;"CA-2020-144932";"No"
2224;"CA-2020-145037";"No"
2225;"CA-2020-145093";"No"
2226;"CA-2020-145128";"No"
2227;"CA-2020-145142";"Yes"
2228;"CA-2020-145219";"No"
2229;"CA-2020-145226";"No"
2230;"CA-2020-145233";"No"
2231;"CA-2020-145275";"No"
2232;"CA-2020-145310";"No"
2233;"CA-2020-145338";"No"
2234;"CA-2020-145429";"No"
2235;"CA-2020-145443";"No"
2236;"CA-2020-145506";"No"
2237;"CA-2020-145653";"No"
2238;"CA-2020-145660";"No"
2239;"CA-2020-145702";"No"
2240;"CA-2020-145702";"Yes"
2241;"CA-2020-145737";"No"
2242;"CA-2020-145765";"No"
2243;"CA-2020-145765";"Yes"
2244;"CA-2020-145772";"No"
2245;"CA-2020-145779";"No"
2246;"CA-2020-145807";"Yes"
2247;"CA-2020-145877";"No"
2248;"CA-2020-145884";"No"
2249;"CA-2020-146024";"No"
2250;"CA-2020-146031";"No"
2251;"CA-2020-146136";"No"
2252;"CA-2020-146164";"No"
2253;"CA-2020-146185";"Yes"
2254;"CA-2020-146192";"No"
2255;"CA-2020-146269";"No"
2256;"CA-2020-146346";"No"
2257;"CA-2020-146360";"No"
2258;"CA-2020-146367";"No"
2259;"CA-2020-146458";"No"
2260;"CA-2020-146493";"No"
2261;"CA-2020-146535";"No"
2262;"CA-2020-146626";"No"
2263;"CA-2020-146724";"No"
2264;"CA-2020-146780";"No"
2265;"CA-2020-146920";"No"
2266;"CA-2020-146983";"No"
2267;"CA-2020-147032";"Yes"
2268;"CA-2020-147032";"No"
2269;"CA-2020-147039";"No"
2270;"CA-2020-147144";"No"
2271;"CA-2020-147207";"No"
2272;"CA-2020-147228";"No"
2273;"CA-2020-147277";"No"
2274;"CA-2020-147291";"No"
2275;"CA-2020-147333";"No"
2276;"CA-2020-147354";"Yes"
2277;"CA-2020-147354";"No"
2278;"CA-2020-147361";"No"
2279;"CA-2020-147403";"No"
2280;"CA-2020-147410";"No"
2281;"CA-2020-147452";"No"
2282;"CA-2020-147452";"Yes"
2283;"CA-2020-147550";"No"
2284;"CA-2020-147564";"No"
2285;"CA-2020-147725";"No"
2286;"CA-2020-147753";"No"
2287;"CA-2020-147760";"No"
2288;"CA-2020-147767";"No"
2289;"CA-2020-147844";"No"
2290;"CA-2020-147942";"No"
2291;"CA-2020-147956";"No"
2292;"CA-2020-148012";"No"
2293;"CA-2020-148068";"No"
2294;"CA-2020-148068";"Yes"
2295;"CA-2020-148138";"No"
2296;"CA-2020-148145";"No"
2297;"CA-2020-148166";"No"
2298;"CA-2020-148264";"No"
2299;"CA-2020-148264";"Yes"
2300;"CA-2020-148320";"No"
2301;"CA-2020-148355";"No"
2302;"CA-2020-148404";"Yes"
2303;"CA-2020-148404";"No"
2304;"CA-2020-148411";"Yes"
2305;"CA-2020-148411";"No"
2306;"CA-2020-148446";"No"
2307;"CA-2020-148474";"No"
2308;"CA-2020-148642";"No"
2309;"CA-2020-148691";"No"
2310;"CA-2020-148810";"No"
2311;"CA-2020-148922";"No"
2312;"CA-2020-148929";"No"
2313;"CA-2020-148985";"Yes"
2314;"CA-2020-148992";"No"
2315;"CA-2020-148999";"Yes"
2316;"CA-2020-149048";"No"
2317;"CA-2020-149076";"No"
2318;"CA-2020-149146";"No"
2319;"CA-2020-149160";"Yes"
2320;"CA-2020-149160";"No"
2321;"CA-2020-149181";"Yes"
2322;"CA-2020-149468";"No"
2323;"CA-2020-149489";"No"
2324;"CA-2020-149489";"Yes"
2325;"CA-2020-149559";"No"
2326;"CA-2020-149699";"No"
2327;"CA-2020-149706";"No"
2328;"CA-2020-149720";"No"
2329;"CA-2020-149853";"No"
2330;"CA-2020-149881";"No"
2331;"CA-2020-149888";"No"
2332;"CA-2020-149895";"No"
2333;"CA-2020-149944";"No"
2334;"CA-2020-150091";"Yes"
2335;"CA-2020-150091";"No"
2336;"CA-2020-150189";"No"
2337;"CA-2020-150266";"No"
2338;"CA-2020-150420";"No"
2339;"CA-2020-150469";"Yes"
2340;"CA-2020-150497";"No"
2341;"CA-2020-150504";"No"
2342;"CA-2020-150525";"No"
2343;"CA-2020-150602";"No"
2344;"CA-2020-150609";"No"
2345;"CA-2020-150623";"No"
2346;"CA-2020-150707";"No"
2347;"CA-2020-150910";"No"
2348;"CA-2020-150910";"Yes"
2349;"CA-2020-150931";"No"
2350;"CA-2020-150959";"No"
2351;"CA-2020-150987";"No"
2352;"CA-2020-151008";"No"
2353;"CA-2020-151071";"No"
2354;"CA-2020-151176";"No"
2355;"CA-2020-151183";"No"
2356;"CA-2020-151190";"No"
2357;"CA-2020-151211";"No"
2358;"CA-2020-151218";"No"
2359;"CA-2020-151225";"No"
2360;"CA-2020-151281";"No"
2361;"CA-2020-151358";"No"
2362;"CA-2020-151428";"No"
2363;"CA-2020-151484";"No"
2364;"CA-2020-151484";"Yes"
2365;"CA-2020-151596";"No"
2366;"CA-2020-151750";"No"
2367;"CA-2020-151750";"Yes"
2368;"CA-2020-151799";"No"
2369;"CA-2020-151855";"No"
2370;"CA-2020-151911";"No"
2371;"CA-2020-151981";"No"
2372;"CA-2020-152079";"No"
2373;"CA-2020-152093";"No"
2374;"CA-2020-152135";"No"
2375;"CA-2020-152142";"No"
2376;"CA-2020-152198";"No"
2377;"CA-2020-152205";"No"
2378;"CA-2020-152226";"No"
2379;"CA-2020-152261";"No"
2380;"CA-2020-152275";"No"
2381;"CA-2020-152310";"No"
2382;"CA-2020-152436";"Yes"
2383;"CA-2020-152485";"No"
2384;"CA-2020-152499";"No"
2385;"CA-2020-152583";"Yes"
2386;"CA-2020-152583";"No"
2387;"CA-2020-152660";"No"
2388;"CA-2020-152695";"No"
2389;"CA-2020-152702";"Yes"
2390;"CA-2020-152709";"No"
2391;"CA-2020-152737";"No"
2392;"CA-2020-152786";"No"
2393;"CA-2020-152807";"No"
2394;"CA-2020-152856";"No"
2395;"CA-2020-152912";"No"
2396;"CA-2020-152926";"No"
2397;"CA-2020-152933";"No"
2398;"CA-2020-152961";"No"
2399;"CA-2020-152968";"No"
2400;"CA-2020-152975";"No"
2401;"CA-2020-152975";"Yes"
2402;"CA-2020-153045";"No"
2403;"CA-2020-153045";"Yes"
2404;"CA-2020-153080";"No"
2405;"CA-2020-153227";"No"
2406;"CA-2020-153339";"No"
2407;"CA-2020-153654";"No"
2408;"CA-2020-153787";"No"
2409;"CA-2020-153822";"No"
2410;"CA-2020-153843";"No"
2411;"CA-2020-153871";"No"
2412;"CA-2020-154011";"No"
2413;"CA-2020-154011";"Yes"
2414;"CA-2020-154039";"No"
2415;"CA-2020-154074";"No"
2416;"CA-2020-154088";"No"
2417;"CA-2020-154102";"No"
2418;"CA-2020-154109";"No"
2419;"CA-2020-154116";"Yes"
2420;"CA-2020-154116";"No"
2421;"CA-2020-154123";"No"
2422;"CA-2020-154137";"No"
2423;"CA-2020-154214";"No"
2424;"CA-2020-154410";"No"
2425;"CA-2020-154466";"No"
2426;"CA-2020-154501";"No"
2427;"CA-2020-154676";"No"
2428;"CA-2020-154718";"No"
2429;"CA-2020-154732";"No"
2430;"CA-2020-154760";"Yes"
2431;"CA-2020-154809";"No"
2432;"CA-2020-154816";"No"
2433;"CA-2020-154907";"No"
2434;"CA-2020-154935";"No"
2435;"CA-2020-154949";"Yes"
2436;"CA-2020-155047";"No"
2437;"CA-2020-155075";"No"
2438;"CA-2020-155089";"No"
2439;"CA-2020-155152";"No"
2440;"CA-2020-155159";"No"
2441;"CA-2020-155292";"No"
2442;"CA-2020-155292";"Yes"
2443;"CA-2020-155362";"No"
2444;"CA-2020-155376";"No"
2445;"CA-2020-155460";"No"
2446;"CA-2020-155558";"No"
2447;"CA-2020-155607";"No"
2448;"CA-2020-155621";"No"
2449;"CA-2020-155642";"No"
2450;"CA-2020-155698";"No"
2451;"CA-2020-155705";"No"
2452;"CA-2020-155712";"No"
2453;"CA-2020-155740";"No"
2454;"CA-2020-155824";"No"
2455;"CA-2020-155873";"No"
2456;"CA-2020-155880";"No"
2457;"CA-2020-155929";"No"
2458;"CA-2020-155936";"No"
2459;"CA-2020-155957";"No"
2460;"CA-2020-155985";"No"
2461;"CA-2020-156237";"Yes"
2462;"CA-2020-156237";"No"
2463;"CA-2020-156272";"No"
2464;"CA-2020-156363";"No"
2465;"CA-2020-156391";"No"
2466;"CA-2020-156412";"No"
2467;"CA-2020-156622";"No"
2468;"CA-2020-156622";"Yes"
2469;"CA-2020-156664";"Yes"
2470;"CA-2020-156664";"No"
2471;"CA-2020-156720";"Yes"
2472;"CA-2020-156769";"No"
2473;"CA-2020-156776";"No"
2474;"CA-2020-156776";"Yes"
2475;"CA-2020-156818";"No"
2476;"CA-2020-156895";"Yes"
2477;"CA-2020-156951";"Yes"
2478;"CA-2020-156951";"No"
2479;"CA-2020-156958";"Yes"
2480;"CA-2020-156958";"No"
2481;"CA-2020-157091";"No"
2482;"CA-2020-157112";"No"
2483;"CA-2020-157196";"No"
2484;"CA-2020-157252";"No"
2485;"CA-2020-157273";"No"
2486;"CA-2020-157350";"No"
2487;"CA-2020-157413";"No"
2488;"CA-2020-157420";"No"
2489;"CA-2020-157448";"No"
2490;"CA-2020-157469";"No"
2491;"CA-2020-157483";"No"
2492;"CA-2020-157651";"No"
2493;"CA-2020-157672";"No"
2494;"CA-2020-157833";"No"
2495;"CA-2020-157854";"No"
2496;"CA-2020-157903";"No"
2497;"CA-2020-157931";"No"
2498;"CA-2020-157966";"Yes"
2499;"CA-2020-157966";"No"
2500;"CA-2020-157980";"No"
2501;"CA-2020-157987";"Yes"
2502;"CA-2020-157987";"No"
2503;"CA-2020-158036";"No"
2504;"CA-2020-158071";"No"
2505;"CA-2020-158106";"No"
2506;"CA-2020-158120";"No"
2507;"CA-2020-158169";"No"
2508;"CA-2020-158169";"Yes"
2509;"CA-2020-158246";"No"
2510;"CA-2020-158344";"No"
2511;"CA-2020-158379";"No"
2512;"CA-2020-158386";"No"
2513;"CA-2020-158407";"No"
2514;"CA-2020-158561";"No"
2515;"CA-2020-158673";"No"
2516;"CA-2020-158722";"Yes"
2517;"CA-2020-158729";"No"
2518;"CA-2020-158736";"No"
2519;"CA-2020-158743";"No"
2520;"CA-2020-158876";"Yes"
2521;"CA-2020-158876";"No"
2522;"CA-2020-158883";"No"
2523;"CA-2020-158953";"No"
2524;"CA-2020-158967";"No"
2525;"CA-2020-159100";"No"
2526;"CA-2020-159100";"Yes"
2527;"CA-2020-159107";"No"
2528;"CA-2020-159135";"No"
2529;"CA-2020-159149";"No"
2530;"CA-2020-159156";"No"
2531;"CA-2020-159226";"No"
2532;"CA-2020-159282";"No"
2533;"CA-2020-159352";"No"
2534;"CA-2020-159366";"No"
2535;"CA-2020-159457";"No"
2536;"CA-2020-159464";"No"
2537;"CA-2020-159506";"No"
2538;"CA-2020-159597";"No"
2539;"CA-2020-159604";"No"
2540;"CA-2020-159667";"No"
2541;"CA-2020-159688";"No"
2542;"CA-2020-159793";"No"
2543;"CA-2020-159884";"No"
2544;"CA-2020-159954";"No"
2545;"CA-2020-160017";"Yes"
2546;"CA-2020-160031";"No"
2547;"CA-2020-160045";"Yes"
2548;"CA-2020-160087";"No"
2549;"CA-2020-160122";"No"
2550;"CA-2020-160325";"No"
2551;"CA-2020-160416";"No"
2552;"CA-2020-160423";"Yes"
2553;"CA-2020-160423";"No"
2554;"CA-2020-160458";"No"
2555;"CA-2020-160514";"No"
2556;"CA-2020-160633";"No"
2557;"CA-2020-160661";"No"
2558;"CA-2020-160724";"No"
2559;"CA-2020-160801";"No"
2560;"CA-2020-160885";"No"
2561;"CA-2020-160899";"No"
2562;"CA-2020-160927";"No"
2563;"CA-2020-160934";"No"
2564;"CA-2020-160962";"No"
2565;"CA-2020-160983";"No"
2566;"CA-2020-161018";"No"
2567;"CA-2020-161046";"No"
2568;"CA-2020-161053";"No"
2569;"CA-2020-161067";"No"
2570;"CA-2020-161088";"No"
2571;"CA-2020-161102";"No"
2572;"CA-2020-161102";"Yes"
2573;"CA-2020-161130";"No"
2574;"CA-2020-161172";"No"
2575;"CA-2020-161200";"No"
2576;"CA-2020-161200";"Yes"
2577;"CA-2020-161333";"Yes"
2578;"CA-2020-161333";"No"
2579;"CA-2020-161340";"No"
2580;"CA-2020-161410";"No"
2581;"CA-2020-161459";"No"
2582;"CA-2020-161480";"Yes"
2583;"CA-2020-161557";"Yes"
2584;"CA-2020-161578";"No"
2585;"CA-2020-161592";"No"
2586;"CA-2020-161655";"No"
2587;"CA-2020-161739";"Yes"
2588;"CA-2020-161774";"No"
2589;"CA-2020-161809";"No"
2590;"CA-2020-161823";"No"
2591;"CA-2020-161851";"No"
2592;"CA-2020-161893";"No"
2593;"CA-2020-161956";"Yes"
2594;"CA-2020-161956";"No"
2595;"CA-2020-161970";"No"
2596;"CA-2020-161984";"No"
2597;"CA-2020-162015";"No"
2598;"CA-2020-162033";"No"
2599;"CA-2020-162075";"No"
2600;"CA-2020-162096";"No"
2601;"CA-2020-162173";"No"
2602;"CA-2020-162250";"Yes"
2603;"CA-2020-162474";"No"
2604;"CA-2020-162481";"Yes"
2605;"CA-2020-162481";"No"
2606;"CA-2020-162565";"No"
2607;"CA-2020-162572";"No"
2608;"CA-2020-162635";"Yes"
2609;"CA-2020-162691";"No"
2610;"CA-2020-162712";"No"
2611;"CA-2020-162789";"No"
2612;"CA-2020-162880";"No"
2613;"CA-2020-162929";"No"
2614;"CA-2020-162936";"No"
2615;"CA-2020-162978";"Yes"
2616;"CA-2020-162978";"No"
2617;"CA-2020-163006";"No"
2618;"CA-2020-163020";"No"
2619;"CA-2020-163069";"No"
2620;"CA-2020-163097";"No"
2621;"CA-2020-163125";"No"
2622;"CA-2020-163139";"No"
2623;"CA-2020-163160";"No"
2624;"CA-2020-163160";"Yes"
2625;"CA-2020-163188";"No"
2626;"CA-2020-163209";"No"
2627;"CA-2020-163265";"Yes"
2628;"CA-2020-163265";"No"
2629;"CA-2020-163321";"No"
2630;"CA-2020-163335";"No"
2631;"CA-2020-163405";"No"
2632;"CA-2020-163510";"No"
2633;"CA-2020-163531";"No"
2634;"CA-2020-163566";"No"
2635;"CA-2020-163629";"No"
2636;"CA-2020-163671";"No"
2637;"CA-2020-163692";"No"
2638;"CA-2020-163818";"No"
2639;"CA-2020-163860";"No"
2640;"CA-2020-163860";"Yes"
2641;"CA-2020-163874";"No"
2642;"CA-2020-163902";"No"
2643;"CA-2020-163979";"No"
2644;"CA-2020-164000";"No"
2645;"CA-2020-164028";"No"
2646;"CA-2020-164042";"No"
2647;"CA-2020-164049";"No"
2648;"CA-2020-164098";"No"
2649;"CA-2020-164112";"No"
2650;"CA-2020-164168";"No"
2651;"CA-2020-164168";"Yes"
2652;"CA-2020-164329";"No"
2653;"CA-2020-164364";"No"
2654;"CA-2020-164378";"No"
2655;"CA-2020-164707";"No"
2656;"CA-2020-164756";"No"
2657;"CA-2020-164756";"Yes"
2658;"CA-2020-164819";"No"
2659;"CA-2020-164826";"No"
2660;"CA-2020-164917";"No"
2661;"CA-2020-164959";"No"
2662;"CA-2020-165008";"No"
2663;"CA-2020-165029";"No"
2664;"CA-2020-165099";"No"
2665;"CA-2020-165155";"No"
2666;"CA-2020-165204";"No"
2667;"CA-2020-165323";"No"
2668;"CA-2020-165386";"No"
2669;"CA-2020-165491";"No"
2670;"CA-2020-165603";"No"
2671;"CA-2020-165687";"No"
2672;"CA-2020-165715";"No"
2673;"CA-2020-165757";"Yes"
2674;"CA-2020-165757";"No"
2675;"CA-2020-165841";"No"
2676;"CA-2020-165904";"No"
2677;"CA-2020-166093";"No"
2678;"CA-2020-166128";"No"
2679;"CA-2020-166142";"No"
2680;"CA-2020-166142";"Yes"
2681;"CA-2020-166184";"No"
2682;"CA-2020-166184";"Yes"
2683;"CA-2020-166198";"No"
2684;"CA-2020-166296";"No"
2685;"CA-2020-166317";"No"
2686;"CA-2020-166317";"Yes"
2687;"CA-2020-166415";"No"
2688;"CA-2020-166436";"No"
2689;"CA-2020-166499";"No"
2690;"CA-2020-166576";"No"
2691;"CA-2020-166695";"No"
2692;"CA-2020-166709";"No"
2693;"CA-2020-166835";"No"
2694;"CA-2020-166849";"No"
2695;"CA-2020-166856";"No"
2696;"CA-2020-166898";"No"
2697;"CA-2020-166919";"No"
2698;"CA-2020-166926";"No"
2699;"CA-2020-166933";"No"
2700;"CA-2020-167003";"No"
2701;"CA-2020-167017";"No"
2702;"CA-2020-167080";"No"
2703;"CA-2020-167094";"No"
2704;"CA-2020-167094";"Yes"
2705;"CA-2020-167101";"No"
2706;"CA-2020-167150";"No"
2707;"CA-2020-167227";"No"
2708;"CA-2020-167381";"No"
2709;"CA-2020-167395";"No"
2710;"CA-2020-167542";"No"
2711;"CA-2020-167549";"Yes"
2712;"CA-2020-167626";"No"
2713;"CA-2020-167640";"No"
2714;"CA-2020-167661";"No"
2715;"CA-2020-167668";"No"
2716;"CA-2020-167703";"No"
2717;"CA-2020-167752";"No"
2718;"CA-2020-167752";"Yes"
2719;"CA-2020-167871";"No"
2720;"CA-2020-167899";"No"
2721;"CA-2020-167913";"No"
2722;"CA-2020-167941";"No"
2723;"CA-2020-167976";"No"
2724;"CA-2020-168102";"No"
2725;"CA-2020-168109";"No"
2726;"CA-2020-168123";"No"
2727;"CA-2020-168172";"No"
2728;"CA-2020-168179";"No"
2729;"CA-2020-168193";"No"
2730;"CA-2020-168228";"No"
2731;"CA-2020-168228";"Yes"
2732;"CA-2020-168389";"No"
2733;"CA-2020-168396";"No"
2734;"CA-2020-168403";"No"
2735;"CA-2020-168641";"No"
2736;"CA-2020-168655";"No"
2737;"CA-2020-168739";"No"
2738;"CA-2020-168837";"No"
2739;"CA-2020-168858";"Yes"
2740;"CA-2020-168858";"No"
2741;"CA-2020-168900";"Yes"
2742;"CA-2020-168942";"No"
2743;"CA-2020-169005";"No"
2744;"CA-2020-169012";"No"
2745;"CA-2020-169054";"No"
2746;"CA-2020-169124";"No"
2747;"CA-2020-169264";"No"
2748;"CA-2020-169285";"No"
2749;"CA-2020-169327";"No"
2750;"CA-2020-169362";"No"
2751;"CA-2020-169404";"No"
2752;"CA-2020-169411";"No"
2753;"CA-2020-169439";"No"
2754;"CA-2020-169474";"No"
2755;"CA-2020-169607";"No"
2756;"CA-2020-169691";"No"
2757;"CA-2020-169810";"No"
2758;"CA-2020-169817";"No"
2759;"CA-2020-169859";"No"
2760;"CA-2020-169894";"No"
2761;"CA-2020-169901";"No"
2762;"CA-2020-169929";"No"
2763;"CA-2020-169978";"No"
2764;"CA-2020-169999";"No"
2765;"US-2019-100405";"No"
2766;"US-2019-100419";"No"
2767;"US-2019-100461";"No"
2768;"US-2019-100461";"Yes"
2769;"US-2019-100566";"No"
2770;"US-2019-100720";"No"
2771;"US-2019-100839";"No"
2772;"US-2019-101196";"No"
2773;"US-2019-101497";"No"
2774;"US-2019-101616";"No"
2775;"US-2019-102141";"No"
2776;"US-2019-102232";"Yes"
2777;"US-2019-102239";"No"
2778;"US-2019-103646";"No"
2779;"US-2019-103674";"No"
2780;"US-2019-104794";"No"
2781;"US-2019-104815";"No"
2782;"US-2019-105452";"No"
2783;"US-2019-105452";"Yes"
2784;"US-2019-105578";"No"
2785;"US-2019-105830";"No"
2786;"US-2019-106313";"No"
2787;"US-2019-106600";"No"
2788;"US-2019-106677";"No"
2789;"US-2019-107440";"No"
2790;"US-2019-108098";"No"
2791;"US-2019-108455";"No"
2792;"US-2019-108497";"No"
2793;"US-2019-108504";"Yes"
2794;"US-2019-108504";"No"
2795;"US-2019-108637";"Yes"
2796;"US-2019-108637";"No"
2797;"US-2019-108777";"No"
2798;"US-2019-109260";"No"
2799;"US-2019-110156";"No"
2800;"US-2019-110170";"No"
2801;"US-2019-111290";"No"
2802;"US-2019-111290";"Yes"
2803;"US-2019-111528";"No"
2804;"US-2019-111563";"No"
2805;"US-2019-112396";"No"
2806;"US-2019-112970";"No"
2807;"US-2019-112977";"No"
2808;"US-2019-113509";"No"
2809;"US-2019-113649";"No"
2810;"US-2019-113677";"No"
2811;"US-2019-113985";"No"
2812;"US-2019-114013";"No"
2813;"US-2019-114174";"No"
2814;"US-2019-114230";"No"
2815;"US-2019-114293";"Yes"
2816;"US-2019-114622";"No"
2817;"US-2019-114776";"No"
2818;"US-2019-114888";"No"
2819;"US-2019-115441";"No"
2820;"US-2019-115455";"No"
2821;"US-2019-115819";"No"
2822;"US-2019-115952";"No"
2823;"US-2019-116365";"Yes"
2824;"US-2019-116365";"No"
2825;"US-2019-116400";"Yes"
2826;"US-2019-116442";"No"
2827;"US-2019-116729";"No"
2828;"US-2019-117037";"No"
2829;"US-2019-117387";"No"
2830;"US-2019-117541";"No"
2831;"US-2019-117793";"Yes"
2832;"US-2019-117793";"No"
2833;"US-2019-118780";"No"
2834;"US-2019-119046";"No"
2835;"US-2019-119270";"No"
2836;"US-2019-119298";"No"
2837;"US-2019-120460";"No"
2838;"US-2019-120929";"No"
2839;"US-2019-121013";"No"
2840;"US-2019-122182";"No"
2841;"US-2019-122245";"No"
2842;"US-2019-123470";"Yes"
2843;"US-2019-123470";"No"
2844;"US-2019-123610";"No"
2845;"US-2019-123610";"Yes"
2846;"US-2019-123750";"No"
2847;"US-2019-124163";"No"
2848;"US-2019-125402";"No"
2849;"US-2019-125402";"Yes"
2850;"US-2019-125969";"No"
2851;"US-2019-126431";"No"
2852;"US-2019-126452";"No"
2853;"US-2019-126844";"No"
2854;"US-2019-126893";"No"
2855;"US-2019-127334";"Yes"
2856;"US-2019-127334";"No"
2857;"US-2019-127425";"No"
2858;"US-2019-127971";"No"
2859;"US-2019-127971";"Yes"
2860;"US-2019-128195";"No"
2861;"US-2019-128293";"No"
2862;"US-2019-128678";"No"
2863;"US-2019-128902";"No"
2864;"US-2019-128909";"Yes"
2865;"US-2019-128909";"No"
2866;"US-2019-129469";"No"
2867;"US-2019-131058";"No"
2868;"US-2019-131114";"No"
2869;"US-2019-131149";"No"
2870;"US-2019-131611";"No"
2871;"US-2019-131674";"No"
2872;"US-2019-131891";"No"
2873;"US-2019-131912";"No"
2874;"US-2019-132423";"Yes"
2875;"US-2019-132423";"No"
2876;"US-2019-132577";"No"
2877;"US-2019-132857";"No"
2878;"US-2019-133508";"No"
2879;"US-2019-133879";"No"
2880;"US-2019-134369";"Yes"
2881;"US-2019-134488";"No"
2882;"US-2019-134656";"No"
2883;"US-2019-134761";"No"
2884;"US-2019-134908";"No"
2885;"US-2019-135209";"No"
2886;"US-2019-135720";"No"
2887;"US-2019-135923";"No"
2888;"US-2019-136581";"No"
2889;"US-2019-137295";"No"
2890;"US-2019-137547";"No"
2891;"US-2019-138408";"No"
2892;"US-2019-139087";"No"
2893;"US-2019-139262";"No"
2894;"US-2019-139388";"No"
2895;"US-2019-139486";"No"
2896;"US-2019-139710";"No"
2897;"US-2019-140158";"No"
2898;"US-2019-140172";"No"
2899;"US-2019-140809";"No"
2900;"US-2019-141264";"No"
2901;"US-2019-141544";"No"
2902;"US-2019-141880";"No"
2903;"US-2019-142251";"No"
2904;"US-2019-142685";"No"
2905;"US-2019-143280";"No"
2906;"US-2019-143448";"No"
2907;"US-2019-143819";"No"
2908;"US-2019-143819";"Yes"
2909;"US-2019-144057";"No"
2910;"US-2019-144211";"No"
2911;"US-2019-144351";"No"
2912;"US-2019-144393";"Yes"
2913;"US-2019-144477";"No"
2914;"US-2019-144547";"No"
2915;"US-2019-146066";"No"
2916;"US-2019-146570";"No"
2917;"US-2019-146710";"No"
2918;"US-2019-146794";"Yes"
2919;"US-2019-146857";"No"
2920;"US-2019-147340";"No"
2921;"US-2019-147711";"No"
2922;"US-2019-147991";"Yes"
2923;"US-2019-148110";"No"
2924;"US-2019-148334";"No"
2925;"US-2019-148803";"No"
2926;"US-2019-148901";"No"
2927;"US-2019-148957";"No"
2928;"US-2019-149790";"No"
2929;"US-2019-150035";"No"
2930;"US-2019-150140";"No"
2931;"US-2019-150147";"No"
2932;"US-2019-150357";"No"
2933;"US-2019-150567";"No"
2934;"US-2019-150861";"No"
2935;"US-2019-150861";"Yes"
2936;"US-2019-151260";"No"
2937;"US-2019-151827";"No"
2938;"US-2019-151862";"No"
2939;"US-2019-152051";"No"
2940;"US-2019-152373";"No"
2941;"US-2019-152415";"No"
2942;"US-2019-152835";"No"
2943;"US-2019-153129";"No"
2944;"US-2019-153815";"No"
2945;"US-2019-154256";"No"
2946;"US-2019-154361";"No"
2947;"US-2019-155103";"No"
2948;"US-2019-155173";"No"
2949;"US-2019-155180";"No"
2950;"US-2019-155404";"No"
2951;"US-2019-155768";"No"
2952;"US-2019-155971";"No"
2953;"US-2019-156097";"No"
2954;"US-2019-156692";"No"
2955;"US-2019-156986";"No"
2956;"US-2019-157308";"No"
2957;"US-2019-157490";"No"
2958;"US-2019-157728";"No"
2959;"US-2019-157840";"No"
2960;"US-2019-157945";"No"
2961;"US-2019-158288";"No"
2962;"US-2019-158309";"No"
2963;"US-2019-158680";"No"
2964;"US-2019-158708";"No"
2965;"US-2019-159093";"No"
2966;"US-2019-159415";"No"
2967;"US-2019-159856";"No"
2968;"US-2019-160206";"No"
2969;"US-2019-160528";"No"
2970;"US-2019-161396";"No"
2971;"US-2019-161683";"No"
2972;"US-2019-161844";"No"
2973;"US-2019-162026";"No"
2974;"US-2019-162103";"No"
2975;"US-2019-162677";"No"
2976;"US-2019-162852";"No"
2977;"US-2019-162859";"No"
2978;"US-2019-163258";"No"
2979;"US-2019-163461";"Yes"
2980;"US-2019-163538";"No"
2981;"US-2019-163881";"No"
2982;"US-2019-164189";"No"
2983;"US-2019-164196";"No"
2984;"US-2019-164588";"No"
2985;"US-2019-164630";"No"
2986;"US-2019-164945";"No"
2987;"US-2019-165078";"No"
2988;"US-2019-165505";"No"
2989;"US-2019-165953";"Yes"
2990;"US-2019-166660";"No"
2991;"US-2019-167339";"No"
2992;"US-2019-167472";"No"
2993;"US-2019-168095";"No"
2994;"US-2019-168410";"No"
2995;"US-2019-168410";"Yes"
2996;"US-2019-168620";"No"
2997;"US-2019-169040";"No"
2998;"US-2019-169369";"No"
2999;"US-2020-100048";"No"
3000;"US-2020-100209";"No"
3001;"US-2020-100398";"No"
3002;"US-2020-100482";"No"
3003;"US-2020-100930";"No"
3004;"US-2020-101518";"No"
3005;"US-2020-101539";"No"
3006;"US-2020-101721";"Yes"
3007;"US-2020-101784";"Yes"
3008;"US-2020-101840";"No"
3009;"US-2020-102183";"No"
3010;"US-2020-102288";"No"
3011;"US-2020-102638";"No"
3012;"US-2020-102890";"No"
3013;"US-2020-102904";"No"
3014;"US-2020-103226";"No"
3015;"US-2020-103247";"No"
3016;"US-2020-103814";"No"
3017;"US-2020-103828";"No"
3018;"US-2020-103828";"Yes"
3019;"US-2020-104094";"No"
3020;"US-2020-104437";"No"
3021;"US-2020-104451";"No"
3022;"US-2020-104661";"No"
3023;"US-2020-104955";"No"
3024;"US-2020-105046";"No"
3025;"US-2020-105389";"No"
3026;"US-2020-105697";"No"
3027;"US-2020-105935";"No"
3028;"US-2020-105998";"No"
3029;"US-2020-106131";"No"
3030;"US-2020-106145";"No"
3031;"US-2020-106551";"No"
3032;"US-2020-106579";"No"
3033;"US-2020-106663";"No"
3034;"US-2020-106705";"No"
3035;"US-2020-106796";"No"
3036;"US-2020-107272";"No"
3037;"US-2020-107384";"No"
3038;"US-2020-107636";"No"
3039;"US-2020-107888";"No"
3040;"US-2020-107979";"No"
3041;"US-2020-108014";"No"
3042;"US-2020-108063";"No"
3043;"US-2020-108245";"No"
3044;"US-2020-108315";"No"
3045;"US-2020-108343";"No"
3046;"US-2020-108343";"Yes"
3047;"US-2020-108700";"No"
3048;"US-2020-109253";"No"
3049;"US-2020-109253";"Yes"
3050;"US-2020-109316";"No"
3051;"US-2020-109484";"No"
3052;"US-2020-109582";"No"
3053;"US-2020-109610";"No"
3054;"US-2020-110149";"Yes"
3055;"US-2020-110149";"No"
3056;"US-2020-110576";"No"
3057;"US-2020-110604";"No"
3058;"US-2020-110604";"Yes"
3059;"US-2020-110646";"No"
3060;"US-2020-110989";"No"
3061;"US-2020-110996";"No"
3062;"US-2020-111024";"No"
3063;"US-2020-111241";"No"
3064;"US-2020-111423";"No"
3065;"US-2020-111745";"No"
3066;"US-2020-111920";"No"
3067;"US-2020-112347";"Yes"
3068;"US-2020-112347";"No"
3069;"US-2020-112613";"No"
3070;"US-2020-112928";"No"
3071;"US-2020-113201";"No"
3072;"US-2020-113852";"No"
3073;"US-2020-113992";"No"
3074;"US-2020-114034";"No"
3075;"US-2020-114356";"No"
3076;"US-2020-114657";"No"
3077;"US-2020-115252";"No"
3078;"US-2020-115301";"No"
3079;"US-2020-115595";"No"
3080;"US-2020-115609";"No"
3081;"US-2020-116491";"No"
3082;"US-2020-116505";"No"
3083;"US-2020-116652";"No"
3084;"US-2020-116659";"No"
3085;"US-2020-116701";"No"
3086;"US-2020-116897";"No"
3087;"US-2020-117247";"Yes"
3088;"US-2020-117247";"No"
3089;"US-2020-117331";"No"
3090;"US-2020-117450";"No"
3091;"US-2020-117534";"No"
3092;"US-2020-117534";"Yes"
3093;"US-2020-117723";"Yes"
3094;"US-2020-118038";"Yes"
3095;"US-2020-118038";"No"
3096;"US-2020-118087";"No"
3097;"US-2020-118157";"No"
3098;"US-2020-118535";"No"
3099;"US-2020-118556";"No"
3100;"US-2020-118598";"No"
3101;"US-2020-118941";"No"
3102;"US-2020-119039";"No"
3103;"US-2020-119319";"No"
3104;"US-2020-119438";"No"
3105;"US-2020-119662";"No"
3106;"US-2020-119816";"No"
3107;"US-2020-120089";"No"
3108;"US-2020-120147";"No"
3109;"US-2020-120147";"Yes"
3110;"US-2020-120390";"Yes"
3111;"US-2020-120418";"Yes"
3112;"US-2020-120418";"No"
3113;"US-2020-120607";"No"
3114;"US-2020-120649";"No"
3115;"US-2020-120908";"No"
3116;"US-2020-121251";"No"
3117;"US-2020-121251";"Yes"
3118;"US-2020-122637";"No"
3119;"US-2020-122672";"No"
3120;"US-2020-122714";"Yes"
3121;"US-2020-123204";"No"
3122;"US-2020-123281";"No"
3123;"US-2020-123463";"No"
3124;"US-2020-123834";"No"
3125;"US-2020-123862";"No"
3126;"US-2020-124303";"No"
3127;"US-2020-124779";"No"
3128;"US-2020-124821";"No"
3129;"US-2020-124926";"No"
3130;"US-2020-124968";"No"
3131;"US-2020-125213";"No"
3132;"US-2020-125647";"No"
3133;"US-2020-125647";"Yes"
3134;"US-2020-125717";"No"
3135;"US-2020-125717";"Yes"
3136;"US-2020-125808";"No"
3137;"US-2020-126053";"No"
3138;"US-2020-126060";"No"
3139;"US-2020-126081";"No"
3140;"US-2020-126179";"No"
3141;"US-2020-127292";"No"
3142;"US-2020-127341";"No"
3143;"US-2020-127719";"No"
3144;"US-2020-128118";"No"
3145;"US-2020-128398";"No"
3146;"US-2020-128447";"No"
3147;"US-2020-128832";"No"
3148;"US-2020-128951";"No"
3149;"US-2020-129203";"No"
3150;"US-2020-129224";"No"
3151;"US-2020-129441";"No"
3152;"US-2020-129777";"No"
3153;"US-2020-130603";"No"
3154;"US-2020-130687";"No"
3155;"US-2020-130953";"No"
3156;"US-2020-131583";"No"
3157;"US-2020-131849";"No"
3158;"US-2020-131849";"Yes"
3159;"US-2020-131961";"No"
3160;"US-2020-132031";"No"
3161;"US-2020-132059";"No"
3162;"US-2020-132206";"No"
3163;"US-2020-132220";"No"
3164;"US-2020-132297";"No"
3165;"US-2020-132381";"No"
3166;"US-2020-132444";"No"
3167;"US-2020-132675";"No"
3168;"US-2020-132675";"Yes"
3169;"US-2020-132927";"No"
3170;"US-2020-133081";"Yes"
3171;"US-2020-133081";"No"
3172;"US-2020-133200";"No"
3173;"US-2020-133312";"No"
3174;"US-2020-133361";"No"
3175;"US-2020-133781";"No"
3176;"US-2020-134481";"No"
3177;"US-2020-134642";"No"
3178;"US-2020-135013";"No"
3179;"US-2020-135062";"No"
3180;"US-2020-135230";"No"
3181;"US-2020-135503";"No"
3182;"US-2020-135986";"No"
3183;"US-2020-136189";"No"
3184;"US-2020-136679";"No"
3185;"US-2020-136707";"No"
3186;"US-2020-136721";"No"
3187;"US-2020-136784";"No"
3188;"US-2020-136868";"Yes"
3189;"US-2020-136868";"No"
3190;"US-2020-137491";"No"
3191;"US-2020-138086";"No"
3192;"US-2020-139465";"No"
3193;"US-2020-139577";"No"
3194;"US-2020-139647";"No"
3195;"US-2020-139955";"No"
3196;"US-2020-139969";"Yes"
3197;"US-2020-140074";"No"
3198;"US-2020-140312";"No"
3199;"US-2020-140907";"No"
3200;"US-2020-141509";"No"
3201;"US-2020-141558";"No"
3202;"US-2020-141677";"Yes"
3203;"US-2020-141677";"No"
3204;"US-2020-141698";"No"
3205;"US-2020-141852";"Yes"
3206;"US-2020-141943";"No"
3207;"US-2020-142188";"No"
3208;"US-2020-142573";"No"
3209;"US-2020-143028";"No"
3210;"US-2020-143175";"No"
3211;"US-2020-143770";"No"
3212;"US-2020-144582";"No"
3213;"US-2020-145366";"No"
3214;"US-2020-145597";"No"
3215;"US-2020-145863";"No"
3216;"US-2020-146213";"No"
3217;"US-2020-146416";"No"
3218;"US-2020-146822";"No"
3219;"US-2020-146878";"No"
3220;"US-2020-146906";"No"
3221;"US-2020-147221";"No"
3222;"US-2020-147655";"No"
3223;"US-2020-147669";"No"
3224;"US-2020-147886";"No"
3225;"US-2020-147886";"Yes"
3226;"US-2020-147984";"No"
3227;"US-2020-147998";"No"
3228;"US-2020-148054";"No"
3229;"US-2020-148362";"No"
3230;"US-2020-148551";"No"
3231;"US-2020-148768";"No"
3232;"US-2020-148831";"No"
3233;"US-2020-148866";"No"
3234;"US-2020-149006";"No"
3235;"US-2020-149510";"No"
3236;"US-2020-150070";"No"
3237;"US-2020-150595";"No"
3238;"US-2020-150595";"Yes"
3239;"US-2020-150847";"No"
3240;"US-2020-151127";"No"
3241;"US-2020-151316";"No"
3242;"US-2020-152002";"No"
3243;"US-2020-152366";"No"
3244;"US-2020-152380";"No"
3245;"US-2020-152492";"No"
3246;"US-2020-152569";"No"
3247;"US-2020-152842";"Yes"
3248;"US-2020-152898";"No"
3249;"US-2020-153255";"No"
3250;"US-2020-153633";"No"
3251;"US-2020-153948";"No"
3252;"US-2020-154851";"No"
3253;"US-2020-154872";"No"
3254;"US-2020-155299";"No"
3255;"US-2020-155425";"No"
3256;"US-2020-155425";"Yes"
3257;"US-2020-155866";"No"
3258;"US-2020-155999";"No"
3259;"US-2020-156083";"No"
3260;"US-2020-156356";"No"
3261;"US-2020-156909";"No"
3262;"US-2020-157224";"Yes"
3263;"US-2020-157896";"No"
3264;"US-2020-158218";"No"
3265;"US-2020-158505";"No"
3266;"US-2020-158512";"No"
3267;"US-2020-158526";"No"
3268;"US-2020-158946";"No"
3269;"US-2020-159205";"No"
3270;"US-2020-159562";"No"
3271;"US-2020-160143";"No"
3272;"US-2020-160465";"No"
3273;"US-2020-160759";"No"
3274;"US-2020-160836";"No"
3275;"US-2020-161193";"No"
3276;"US-2020-161935";"No"
3277;"US-2020-161935";"Yes"
3278;"US-2020-162068";"No"
3279;"US-2020-162124";"No"
3280;"US-2020-162208";"No"
3281;"US-2020-162558";"No"
3282;"US-2020-162558";"Yes"
3283;"US-2020-162670";"No"
3284;"US-2020-163195";"No"
3285;"US-2020-163300";"No"
3286;"US-2020-163657";"No"
3287;"US-2020-163790";"No"
3288;"US-2020-163790";"Yes"
3289;"US-2020-164056";"No"
3290;"US-2020-164147";"No"
3291;"US-2020-165344";"Yes"
3292;"US-2020-165344";"No"
3293;"US-2020-165358";"No"
3294;"US-2020-165456";"No"
3295;"US-2020-165869";"No"
3296;"US-2020-166037";"No"
3297;"US-2020-166233";"No"
3298;"US-2020-166324";"Yes"
3299;"US-2020-166324";"No"
3300;"US-2020-166394";"No"
3301;"US-2020-166611";"No"
3302;"US-2020-166688";"No"
3303;"US-2020-167318";"No"
3304;"US-2020-167402";"No"
3305;"US-2020-167570";"Yes"
3306;"US-2020-167920";"No"
3307;"US-2020-167920";"Yes"
3308;"US-2020-168116";"No"
3309;"US-2020-168613";"No"
3310;"US-2020-168690";"No"
3311;"US-2020-168802";"No"
3312;"US-2020-169320";"No"
3313;"US-2020-169488";"No"
3314;"US-2020-169502";"No"
3315;"US-2020-169551";"No"
3316;"US-2020-169551";"Yes"
